"","time","author","title","link"
"1","2020-11-20 11:00:00","Portfolio","Ez a nagy Tesla rivális, vagy csak nagyobb a füstje, mint a lángja?","https://www.portfolio.hu/gazdasag/20201120/ez-a-nagy-tesla-rivalis-vagy-csak-nagyobb-a-fustje-mint-a-langja-458024"
"2","2020-11-20 09:47:00","Portfolio","Parragh: nagyon közel vagyunk a 4-5%-ra vágott társasági adókulcshoz","https://www.portfolio.hu/gazdasag/20201120/parragh-nagyon-kozel-vagyunk-a-4-5-ra-vagott-tarsasagi-adokulcshoz-458302"
"3","2020-11-18 17:14:00","Portfolio","Soros György alapja megszabadulna összes Palantir részvényétõl","https://www.portfolio.hu/uzlet/20201118/soros-gyorgy-alapja-megszabadulna-osszes-palantir-reszvenyetol-458062"
"4","2020-11-18 09:11:00","Portfolio","Koronavírus: itt a szerda reggeli magyar adat, új csúcson a kórházi ápoltak száma","https://www.portfolio.hu/gazdasag/20201118/koronavirus-itt-a-szerda-reggeli-magyar-adat-uj-csucson-a-korhazi-apoltak-szama-457954"
"5","2020-11-12 12:12:00","Portfolio","Vissza akarják kapni a pénzüket a kisbefektetõk az év egyik legjobban várt tõzsdei bevezetése után","https://www.portfolio.hu/uzlet/20201112/vissza-akarjak-kapni-a-penzuket-a-kisbefektetok-az-ev-egyik-legjobban-vart-tozsdei-bevezetese-utan-457174"
"6","2020-11-11 11:27:00","Portfolio","A villamoshálózatokba is beköltözik a mesterséges intelligencia - Már el is kezdõdött a folyamat","https://www.portfolio.hu/gazdasag/20201111/a-villamoshalozatokba-is-bekoltozik-a-mesterseges-intelligencia-mar-el-is-kezdodott-a-folyamat-456956"
"7","2020-11-10 16:22:00","Portfolio","Megszólalt a guru: itt a két jelzés, amik mentén folytatódhat a rali a tõzsdéken","https://www.portfolio.hu/uzlet/20201110/megszolalt-a-guru-itt-a-ket-jelzes-amik-menten-folytatodhat-a-rali-a-tozsdeken-456816"
"8","2020-11-10 16:08:00","Portfolio","Beleszállt az Európai Bizottság az Amazonba","https://www.portfolio.hu/uzlet/20201110/beleszallt-az-europai-bizottsag-az-amazonba-456822"
"9","2020-11-08 10:00:00","Portfolio","Erdõfelméréstõl a városmodellezésig: debreceni céget hívnak a feltérképezéshez","https://www.portfolio.hu/uzlet/20201108/erdofelmerestol-a-varosmodellezesig-debreceni-ceget-hivnak-a-felterkepezeshez-456312"
"10","2020-11-05 15:15:00","Mohos Kristóf","Három fontos szavazás volt az Egyesült Államokban - Mutatjuk, mi az, amibe érdemes fektetni","https://www.portfolio.hu/uzlet/20201105/harom-fontos-szavazas-volt-az-egyesult-allamokban-mutatjuk-mi-az-amibe-erdemes-fektetni-456074"
"11","2020-11-04 08:58:00","Portfolio","Trump nagyot fog nyerni - Ez a cég neve, ami most nagyot megy a tõzsdén","https://www.portfolio.hu/uzlet/20201104/trump-nagyot-fog-nyerni-ez-a-ceg-neve-ami-most-nagyot-megy-a-tozsden-455826"
"12","2020-11-03 07:30:00","Portfolio","Trump vagy Biden? Milyen befektetések lesznek a nyerõk?","https://www.portfolio.hu/befektetes/20201103/trump-vagy-biden-milyen-befektetesek-lesznek-a-nyerok-455502"
"13","2020-11-02 09:53:00","Portfolio","Nincs megállás, tovább zuhan az olajár","https://www.portfolio.hu/uzlet/20201102/nincs-megallas-tovabb-zuhan-az-olajar-455428"
"14","2020-10-30 08:16:00","Portfolio","Új információ a következõ hazai részvénykibocsátásról","https://www.portfolio.hu/uzlet/20201030/uj-informacio-a-kovetkezo-hazai-reszvenykibocsatasrol-455082"
"15","2020-10-28 06:30:00","Portfolio","Európai Mastercard-központ lett Budapest, Magyarország a követendõ példa külföldön","https://www.portfolio.hu/bank/20201028/europai-mastercard-kozpont-lett-budapest-magyarorszag-a-kovetendo-pelda-kulfoldon-454092"
"16","2020-10-26 12:56:00","Portfolio","Elolvadt az olajtársaságok nyeresége, de a befektetõket már csak a túlélés izgatja","https://www.portfolio.hu/gazdasag/20201026/elolvadt-az-olajtarsasagok-nyeresege-de-a-befektetoket-mar-csak-a-tuleles-izgatja-454452"
"17","2020-10-25 17:00:00","Szemán Ákos","A napenergia a jövõ sztárja, még nem késõ befektetni, mutatjuk az izgalmas lehetõségeket","https://www.portfolio.hu/gazdasag/20201025/a-napenergia-a-jovo-sztarja-meg-nem-keso-befektetni-mutatjuk-az-izgalmas-lehetosegeket-454226"
"18","2020-10-21 14:52:00","Portfolio","Deutsche Bank: esni fognak a tõzsdék a következõ évben","https://www.portfolio.hu/uzlet/20201021/deutsche-bank-esni-fognak-a-tozsdek-a-kovetkezo-evben-453900"
"19","2020-10-17 07:00:00","Portfolio","Három nagy bizonytalanság van a világban, mutatjuk, mibe érdemes most fektetni","https://www.portfolio.hu/uzlet/20201017/harom-nagy-bizonytalansag-van-a-vilagban-mutatjuk-mibe-erdemes-most-fektetni-453282"
"20","2020-10-16 15:00:00","Szemán Ákos","Gyökeres átalakulás elõtt áll az olajipar, elkezdõdött a menekülés a zöld energiába","https://www.portfolio.hu/gazdasag/20201016/gyokeres-atalakulas-elott-all-az-olajipar-elkezdodott-a-menekules-a-zold-energiaba-451700"
"21","2020-10-16 11:17:00","Portfolio","Nagyon csúnyán megütötték a tõzsde új sztárját","https://www.portfolio.hu/uzlet/20201016/nagyon-csunyan-megutottek-a-tozsde-uj-sztarjat-453228"
"22","2020-10-15 14:41:00","Portfolio","Tarol a fiúbanda, a slágerlisták után a tõzsdén is õk a sztárok","https://www.portfolio.hu/uzlet/20201015/tarol-a-fiubanda-a-slagerlistak-utan-a-tozsden-is-ok-a-sztarok-452986"
"23","2020-10-13 13:09:00","Portfolio","Ízekre szedték a kormány váratlan törvényjavaslatát az orvosok","https://www.portfolio.hu/gazdasag/20201013/izekre-szedtek-a-kormany-varatlan-torvenyjavaslatat-az-orvosok-452646"
"24","2020-10-09 15:33:00","Portfolio","Növekedési és osztaléksztori a magyar tõzsdén, visszavásárlási kötelezettséggel","https://www.portfolio.hu/uzlet/20201009/novekedesi-es-osztaleksztori-a-magyar-tozsden-visszavasarlasi-kotelezettseggel-452268"
"25","2020-10-08 09:33:00","Portfolio","Figyelmeztet a guru: komoly esés jöhet a tech szektorban","https://www.portfolio.hu/uzlet/20201008/figyelmeztet-a-guru-komoly-eses-johet-a-tech-szektorban-452000"
"26","2020-10-08 07:07:00","Portfolio","Így reagált Biden és Trump a ma hajnali alelnökjelölti vitára","https://www.portfolio.hu/gazdasag/20201008/igy-reagalt-biden-es-trump-a-ma-hajnali-alelnokjelolti-vitara-451974"
"27","2020-10-06 10:06:00","Portfolio","Kiszivárgott: jön a héten egy jelentés, amiben feldaraboltatnák a Facebookot és a Google-t","https://www.portfolio.hu/uzlet/20201006/kiszivargott-jon-a-heten-egy-jelentes-amiben-feldaraboltatnak-a-facebookot-es-a-google-t-451678"
"28","2020-10-05 16:34:00","Portfolio","Együttmûködési megállapodást írt alá az OTP a  Délkelet-európai Rendészeti Központtal","https://www.portfolio.hu/bank/20201005/egyuttmukodesi-megallapodast-irt-ala-az-otp-a-delkelet-europai-rendeszeti-kozponttal-451586"
"29","2020-10-03 16:30:00","Portfolio","Sztárok a tõzsdéken, akik profikat megszégyenítõ befektetõk","https://www.portfolio.hu/uzlet/20201003/sztarok-a-tozsdeken-akik-profikat-megszegyenito-befektetok-451336"
"30","2020-10-02 13:30:00","Portfolio","Újra rátenyerelt egy tõzsdei bálna a nagy vételi gombra","https://www.portfolio.hu/uzlet/20201002/ujra-ratenyerelt-egy-tozsdei-balna-a-nagy-veteli-gombra-451288"
"31","2020-09-30 14:05:00","Huszák Dániel","Több milliárd háztartási eszköz várja teljesen védtelenül, hogy hackerek áldozatává váljon","https://www.portfolio.hu/gazdasag/20200930/tobb-milliard-haztartasi-eszkoz-varja-teljesen-vedtelenul-hogy-hackerek-aldozatava-valjon-450868"
"32","2020-09-28 13:57:00","Portfolio","„Cash is King?” – Készpénz tartására buzdít a stratéga","https://www.portfolio.hu/uzlet/20200928/cash-is-king-keszpenz-tartasara-buzdit-a-stratega-450512"
"33","2020-09-27 16:00:00","Portfolio","Az értékalapú befektetés tényleg már csak a múlt?","https://www.portfolio.hu/uzlet/20200927/az-ertekalapu-befektetes-tenyleg-mar-csak-a-mult-450258"
"34","2020-09-24 09:28:00","Portfolio","Most kell bevásárolni a nagy technológiai papírokból a guru szerint","https://www.portfolio.hu/uzlet/20200924/most-kell-bevasarolni-a-nagy-technologiai-papirokbol-a-guru-szerint-450020"
"35","2020-09-24 07:00:00","Portfolio","Fidelity: A fenntarthatóság nem minden, a digitális etika is fontos a vállalatok értékelésében","https://www.portfolio.hu/uzlet/20200924/fidelity-a-fenntarthatosag-nem-minden-a-digitalis-etika-is-fontos-a-vallalatok-ertekeleseben-449880"
"36","2020-09-24 06:45:00","Portfolio","Hogyan használják a profik a Google keresõjét befektetésekhez és gazdasági elõrejelzéshez?","https://www.portfolio.hu/uzlet/20200924/hogyan-hasznaljak-a-profik-a-google-keresojet-befektetesekhez-es-gazdasagi-elorejelzeshez-449260"
"37","2020-09-23 15:19:00","Portfolio","Újabb részvénykibocsátás a magyar tõzsdén - Itt vannak a részletek","https://www.portfolio.hu/uzlet/20200923/ujabb-reszvenykibocsatas-a-magyar-tozsden-itt-vannak-a-reszletek-449914"
"38","2020-09-22 15:00:00","Weinhardt Attila","Koronavírus: különutas tesztelési gyakorlatot folytat Magyarország – Hová vezet mindez?","https://www.portfolio.hu/gazdasag/20200922/koronavirus-kulonutas-tesztelesi-gyakorlatot-folytat-magyarorszag-hova-vezet-mindez-449730"
"39","2020-09-21 13:30:00","Turzó Ádám Pál","Pár hónap, és alaposan megváltozik, hogyan fizetünk az e-kereskedõknél","https://www.portfolio.hu/bank/20200921/par-honap-es-alaposan-megvaltozik-hogyan-fizetunk-az-e-kereskedoknel-449460"
"40","2020-09-21 06:02:00","Portfolio","Ki tud bújni holnap a csapdahelyzetbõl az MNB?","https://www.portfolio.hu/gazdasag/20200921/ki-tud-bujni-holnap-a-csapdahelyzetbol-az-mnb-449326"
"41","2020-09-16 17:00:00","Portfolio","Kötelezõ olvasmány lett a Reddit és a Twitter a Wall Street-i befektetõknek","https://www.portfolio.hu/befektetes/20200916/kotelezo-olvasmany-lett-a-reddit-es-a-twitter-a-wall-street-i-befektetoknek-448926"
"42","2020-09-11 18:00:00","Portfolio","Közös fellépést hirdettek a szuperpénzekkel szemben Európa nagy gazdaságai","https://www.portfolio.hu/uzlet/20200911/kozos-fellepest-hirdettek-a-szuperpenzekkel-szemben-europa-nagy-gazdasagai-448418"
"43","2020-09-11 15:40:00","Portfolio","Egy világot átalakító forradalom küszöbén állunk, így lehet megjátszani a tõzsdén","https://www.portfolio.hu/gazdasag/20200911/egy-vilagot-atalakito-forradalom-kuszoben-allunk-igy-lehet-megjatszani-a-tozsden-448182"
"44","2020-09-08 10:31:00","Portfolio","Újabb részvénykibocsátás jön a magyar tõzsdén","https://www.portfolio.hu/uzlet/20200908/ujabb-reszvenykibocsatas-jon-a-magyar-tozsden-447780"
"45","2020-09-07 13:00:00","Portfolio","Egy forradalom küszöbén állunk, izgalmas befektetési lehetõségekre van kilátás","https://www.portfolio.hu/uzlet/20200907/egy-forradalom-kuszoben-allunk-izgalmas-befektetesi-lehetosegekre-van-kilatas-447600"
"46","2020-09-06 08:20:00","Portfolio","Remekül teljesítettek eddig idén az újonnan tõzsdére vitt vállalatok","https://www.portfolio.hu/uzlet/20200906/remekul-teljesitettek-eddig-iden-az-ujonnan-tozsdere-vitt-vallalatok-447392"
"47","2020-09-05 11:00:00","Lovászy László","Az agyimplantátum, ami megváltoztathatja a gondolkodásunkat is","https://www.portfolio.hu/gazdasag/20200905/az-agyimplantatum-ami-megvaltoztathatja-a-gondolkodasunkat-is-446682"
"48","2020-09-02 06:29:00","Turzó Ádám Pál","Õrült tempóba kapcsolt a nagyvállalati digitalizáció Magyarországon, és ez még csak a kezdet","https://www.portfolio.hu/bank/20200902/orult-tempoba-kapcsolt-a-nagyvallalati-digitalizacio-magyarorszagon-es-ez-meg-csak-a-kezdet-446798"
"49","2020-08-31 15:00:00","Portfolio","Együtt kell menni a csordával a tõzsdéken, nincs más választás","https://www.portfolio.hu/uzlet/20200831/egyutt-kell-menni-a-csordaval-a-tozsdeken-nincs-mas-valasztas-446638"
"50","2020-08-28 13:13:00","Portfolio","Dotcom lufi szinteket közelít egy fontos tõzsdei indikátor","https://www.portfolio.hu/uzlet/20200828/dotcom-lufi-szinteket-kozelit-egy-fontos-tozsdei-indikator-446350"
"51","2020-08-06 09:59:00","Portfolio","Kisebb atombomba erejével robbant fel Bejrút városa","https://www.portfolio.hu/uzlet/20200806/kisebb-atombomba-erejevel-robbant-fel-bejrut-varosa-443860"
"52","2020-08-04 14:10:00","Ditróy Gergely","Ez forgatja fel az ingatlanpiac egyik nélkülözhetetlen területét","https://www.portfolio.hu/ingatlan/20200804/ez-forgatja-fel-az-ingatlanpiac-egyik-nelkulozhetetlen-teruletet-442998"
"53","2020-08-01 11:25:00","Portfolio","Sorra dõlnek be a pénzügyi forradalmárok, mi áll a háttérben?","https://www.portfolio.hu/bank/20200801/sorra-dolnek-be-a-penzugyi-forradalmarok-mi-all-a-hatterben-442648"
"54","2020-07-30 14:36:00","Portfolio","Óriási lemaradást kezdtek ledolgozni a magyar kisvállalkozások","https://www.portfolio.hu/gazdasag/20200730/oriasi-lemaradast-kezdtek-ledolgozni-a-magyar-kisvallalkozasok-442984"
"55","2020-07-25 11:00:00","Portfolio","Ünneplés után az elsõ kérdés: Hol fog lakni az egyetemista gyerek és mennyibe fog ez fájni Budapesten, vagy épp vidéken?","https://www.portfolio.hu/ingatlan/20200725/unneples-utan-az-elso-kerdes-hol-fog-lakni-az-egyetemista-gyerek-es-mennyibe-fog-ez-fajni-budapesten-vagy-epp-videken-442366"
"56","2020-07-20 15:18:00","Portfolio","Íme 14 részvény, ami a koronavírus-válság nyertese lehet","https://www.portfolio.hu/uzlet/20200720/ime-14-reszveny-ami-a-koronavirus-valsag-nyertese-lehet-441650"
"57","2020-06-28 11:53:00","Portfolio","Egyre bõvül a lista: a legnagyobbak is csatlakoznak a lázadáshoz a Facebook ellen","https://www.portfolio.hu/uzlet/20200628/egyre-bovul-a-lista-a-legnagyobbak-is-csatlakoznak-a-lazadashoz-a-facebook-ellen-439022"
"58","2020-06-26 11:03:00","Portfolio","A vírus után az önkormányzat is egy hatalmas gyomrost adott a bulinegyednek","https://www.portfolio.hu/ingatlan/20200626/a-virus-utan-az-onkormanyzat-is-egy-hatalmas-gyomrost-adott-a-bulinegyednek-438822"
"59","2020-06-21 15:30:00","Portfolio","Valaki még bezárkózva retteg, néhány turistaparadicsom viszont már tárt karokkal várja a külföldieket","https://www.portfolio.hu/ingatlan/20200621/valaki-meg-bezarkozva-retteg-nehany-turistaparadicsom-viszont-mar-tart-karokkal-varja-a-kulfoldieket-437904"
"60","2020-06-18 10:07:00","Hardi Zsuzsanna, MNB, Szapáry György, MNB","Gazdasági intézkedések a koronavírus ellen: nemzetközi összehasonlítás","https://www.portfolio.hu/gazdasag/20200618/gazdasagi-intezkedesek-a-koronavirus-ellen-nemzetkozi-osszehasonlitas-437398"
"61","2020-06-13 13:00:00","Portfolio","Új szegmensre lõnek a gazdagok bankárai – Már nem az álomvagyon a lényeg","https://www.portfolio.hu/befektetes/20200613/uj-szegmensre-lonek-a-gazdagok-bankarai-mar-nem-az-alomvagyon-a-lenyeg-436562"
"62","2020-06-13 06:30:00","Portfolio","Van, aki hónapok óta szenved: a koronavírus tünetei és kezelése","https://www.portfolio.hu/gazdasag/20200613/van-aki-honapok-ota-szenved-a-koronavirus-tunetei-es-kezelese-436374"
"63","2020-06-12 13:10:00","Portfolio","Mutatjuk, hogy merre mennek tovább az amerikai tõzsdék egy ekkora esés után","https://www.portfolio.hu/uzlet/20200612/mutatjuk-hogy-merre-mennek-tovabb-az-amerikai-tozsdek-egy-ekkora-eses-utan-436734"
"64","2020-06-11 20:52:00","MTI","Spanyolország nem tesz eleget az EU kérésének: egy jó darabig marad a határzár","https://www.portfolio.hu/uzlet/20200611/spanyolorszag-nem-tesz-eleget-az-eu-keresenek-egy-jo-darabig-marad-a-hatarzar-436666"
"65","2020-06-09 10:38:00","Portfolio","Itt az új hidegháború: Kína az Egyesült Államok szövetségeseit veheti célba","https://www.portfolio.hu/gazdasag/20200609/itt-az-uj-hideghaboru-kina-az-egyesult-allamok-szovetsegeseit-veheti-celba-436156"
"66","2020-06-04 19:57:00","Portfolio","Kásler tanácsadója bemondta, mikor tûnhet el teljesen a vírus és így a maszkviselés","https://www.portfolio.hu/gazdasag/20200604/kasler-tanacsadoja-bemondta-mikor-tunhet-el-teljesen-a-virus-es-igy-a-maszkviseles-435540"
"67","2020-05-28 15:00:00","Portfolio","Ezek lesznek a jövõ befektetései – Jól járhat, aki most türelmes","https://www.portfolio.hu/befektetes/20200528/ezek-lesznek-a-jovo-befektetesei-jol-jarhat-aki-most-turelmes-434136"
"68","2020-05-26 17:16:00","MTI","Gigantikus beruházásra készül a kínai Tencent","https://www.portfolio.hu/uzlet/20200526/gigantikus-beruhazasra-keszul-a-kinai-tencent-434010"
"69","2020-05-25 16:55:00","Portfolio","Hihetetlen erõvel törnek fel a koronavírus-válság nagy nyertesei","https://www.portfolio.hu/uzlet/20200525/hihetetlen-erovel-tornek-fel-a-koronavirus-valsag-nagy-nyertesei-433692"
"70","2020-05-19 14:30:00","Horváth Zoltán","Történelmet írhat az emberiség a koronavírus elleni vakcinával - A kapkodásért viszont súlyos árat fizethetünk","https://www.portfolio.hu/uzlet/20200519/tortenelmet-irhat-az-emberiseg-a-koronavirus-elleni-vakcinaval-a-kapkodasert-viszont-sulyos-arat-fizethetunk-432496"
"71","2020-05-19 13:00:00","Portfolio","Az iroda halott! Az iroda halott?","https://www.portfolio.hu/ingatlan/20200519/az-iroda-halott-az-iroda-halott-432508"
"72","2020-05-14 14:01:00","Nagy Viktor","Recsegnek ropognak a tõzsdék - Hogy jutottunk idáig, és mi jöhet most?","https://www.portfolio.hu/uzlet/20200514/recsegnek-ropognak-a-tozsdek-hogy-jutottunk-idaig-es-mi-johet-most-431850"
"73","2020-05-13 11:00:00","Portfolio","Nincs vége a forint vesszõfutásának - a részvénypiacok túlzottan optimistának tûnnek","https://www.portfolio.hu/befektetes/20200513/nincs-vege-a-forint-vesszofutasanak-a-reszvenypiacok-tulzottan-optimistanak-tunnek-431336"
"74","2020-05-07 10:00:00","Pallag Róbert","Kincstári optimizmussal a válság ellen","https://www.portfolio.hu/uzlet/20200507/kincstari-optimizmussal-a-valsag-ellen-430358"
"75","2020-05-06 14:00:00","Portfolio","A koronavírus-karantén nagy nyertesei: a videójáték-készítõk","https://www.portfolio.hu/uzlet/20200506/a-koronavirus-karanten-nagy-nyertesei-a-videojatek-keszitok-430192"
"76","2020-05-05 10:01:00","Portfolio","Begyújtották a rakétákat az amerikai nagybankok: csak úgy szórják az új mentõcsomagot","https://www.portfolio.hu/bank/20200505/begyujtottak-a-raketakat-az-amerikai-nagybankok-csak-ugy-szorjak-az-uj-mentocsomagot-430008"
"77","2020-04-28 10:40:00","Portfolio","Részvénybe fektetnél? Nézd meg, mit gondol errõl 107 profi!","https://www.portfolio.hu/uzlet/20200428/reszvenybe-fektetnel-nezd-meg-mit-gondol-errol-107-profi-428670"
"78","2020-04-27 11:33:00","Portfolio","Itt vannak az ország legnagyobb raktárai - Látványos ábrákon a hazai piac fejlõdése","https://www.portfolio.hu/ingatlan/20200427/itt-vannak-az-orszag-legnagyobb-raktarai-latvanyos-abrakon-a-hazai-piac-fejlodese-428538"
"79","2020-04-25 09:45:00","Portfolio","7 sztártréder, aki rommá kereste magát a koronavíruson","https://www.portfolio.hu/befektetes/20200425/7-sztartreder-aki-romma-kereste-magat-a-koronaviruson-427894"
"80","2020-04-22 17:49:00","Csiki Gergely","Ez a koronavírus-járványgörbe tényleg azt mutatja, amire Orbán Viktor számít","https://www.portfolio.hu/gazdasag/20200422/ez-a-koronavirus-jarvanygorbe-tenyleg-azt-mutatja-amire-orban-viktor-szamit-427702"
"81","2020-04-20 23:54:00","MTI, Portfolio","Szlávik János elmondta, hogyan kerülhetõ el az apokaliptikus járvány Magyarországon","https://www.portfolio.hu/gazdasag/20200420/szlavik-janos-elmondta-hogyan-kerulheto-el-az-apokaliptikus-jarvany-magyarorszagon-427298"
"82","2020-04-05 12:15:00","Fodor Szabolcs, Borbély Zsolt","Érdekes ötlet látott napvilágot: lehet Magyarországon adatokkal védekezni a járvány ellen?","https://www.portfolio.hu/gazdasag/20200405/erdekes-otlet-latott-napvilagot-lehet-magyarorszagon-adatokkal-vedekezni-a-jarvany-ellen-423728"
"83","2020-04-02 12:30:00","Szombathelyi Zsolt, Richter","Digitalizáció az egészségügyben: most fog csak robbanni igazán!","https://www.portfolio.hu/gazdasag/20200402/digitalizacio-az-egeszsegugyben-most-fog-csak-robbanni-igazan-422586"
"84","2020-03-28 16:28:00","Portfolio","Mindent be kell vetni a koronavírus elleni harcban – Beindultak a megfigyelõgépezetek is","https://www.portfolio.hu/gazdasag/20200328/mindent-be-kell-vetni-a-koronavirus-elleni-harcban-beindultak-a-megfigyelogepezetek-is-422484"
"85","2020-03-28 11:40:00","Szabó S. László, Szabó Consulting","Adatvédelem a koronavírus idején - Mit tehetnek az adatainkkal és mit nem?","https://www.portfolio.hu/uzlet/20200328/adatvedelem-a-koronavirus-idejen-mit-tehetnek-az-adatainkkal-es-mit-nem-421316"
"86","2020-03-26 10:55:00","Bosnyák Zsolt","A koronavírus és a Fed elintézte: eljött az arany ideje, mint 2008-ban","https://www.portfolio.hu/uzlet/20200326/a-koronavirus-es-a-fed-elintezte-eljott-az-arany-ideje-mint-2008-ban-421982"
"87","2020-03-12 10:41:00","Portfolio","Elbántak a technológiai részvényekkel is, érdemes már vételi lehetõségeket keresni?","https://www.portfolio.hu/uzlet/20200312/elbantak-a-technologiai-reszvenyekkel-is-erdemes-mar-veteli-lehetosegeket-keresni-419075"
"88","2020-03-10 16:28:00","Portfolio","Megszólaltak a profik: ezek lesznek a jövõ befektetései","https://www.portfolio.hu/befektetes/20200310/megszolaltak-a-profik-ezek-lesznek-a-jovo-befektetesei-418811"
"89","2020-03-10 12:56:00","Portfolio","Betört Magyarországra a világhódító befektetés - A magyar alapoknál is változások jönnek","https://www.portfolio.hu/befektetes/20200310/betort-magyarorszagra-a-vilaghodito-befektetes-a-magyar-alapoknal-is-valtozasok-jonnek-418771"
"90","2020-03-10 10:41:00","Portfolio","Történelmi zuhanás az olajpiacon, két út áll elõttünk","https://www.portfolio.hu/uzlet/20200310/tortenelmi-zuhanas-az-olajpiacon-ket-ut-all-elottunk-418727"
"91","2020-03-09 11:08:00","Portfolio","Már több mint 1000 vállalkozás használja az elsõ magyar nyílt banki platformot","https://www.portfolio.hu/bank/20200309/mar-tobb-mint-1000-vallalkozas-hasznalja-az-elso-magyar-nyilt-banki-platformot-418581"
"92","2020-03-08 10:00:00","Portfolio","A gigantikus naperõmûveké a jövõ, csak így menekülhet meg a világ","https://www.portfolio.hu/uzlet/20200308/a-gigantikus-naperomuveke-a-jovo-csak-igy-menekulhet-meg-a-vilag-417575"
"93","2020-03-05 20:27:00","Portfolio","Inkább kifizeti összes dolgozójának a Magyarországon is ismert befektetõ, csak ne használják a metrót a koronavírus miatt","https://www.portfolio.hu/befektetes/20200305/inkabb-kifizeti-osszes-dolgozojanak-a-magyarorszagon-is-ismert-befekteto-csak-ne-hasznaljak-a-metrot-a-koronavirus-miatt-418297"
"94","2020-03-05 06:44:00","Portfolio","Ezt mûvelte a babaváró hitel: rohamtempóban adósodik el a magyar","https://www.portfolio.hu/bank/20200305/ezt-muvelte-a-babavaro-hitel-rohamtempoban-adosodik-el-a-magyar-418119"
"95","2020-03-04 07:56:00","Portfolio","Amire mindannyian vágyunk: csúszás nélküli, olcsó és kiváló minõségû kivitelezés","https://www.portfolio.hu/ingatlan/20200304/amire-mindannyian-vagyunk-csuszas-nelkuli-olcso-es-kivalo-minosegu-kivitelezes-417935"
"96","2020-03-04 05:51:00","Hornyák József","Fogadjunk, hogy te sem kapod meg az átlagfizetést! Itt az igazság a magyar bérekrõl","https://www.portfolio.hu/gazdasag/20200304/fogadjunk-hogy-te-sem-kapod-meg-az-atlagfizetest-itt-az-igazsag-a-magyar-berekrol-417815"
"97","2020-03-03 10:48:00","Portfolio","Trump ""nagy kamatvágást"" sürget a koronavírus miatt","https://www.portfolio.hu/gazdasag/20200303/trump-nagy-kamatvagast-surget-a-koronavirus-miatt-417861"
"98","2020-02-28 10:52:00","Portfolio","Az építõiparnál rosszabb digitális állapotban csak a mezõgazdaság és a vadászat van","https://www.portfolio.hu/ingatlan/20200228/az-epitoiparnal-rosszabb-digitalis-allapotban-csak-a-mezogazdasag-es-a-vadaszat-van-417483"
"99","2020-02-27 14:39:00","Portfolio","Egyre nagyobb bajban az Aston Martin","https://www.portfolio.hu/uzlet/20200227/egyre-nagyobb-bajban-az-aston-martin-417395"
"100","2020-02-27 09:02:00","Portfolio","Koronavírus: április végére már nem lesz ekkora félelem","https://www.portfolio.hu/uzlet/20200227/koronavirus-aprilis-vegere-mar-nem-lesz-ekkora-felelem-417319"
"101","2020-02-20 13:00:00","Portfolio","Ma is egymásnak ugorhat Merkel és Macron – Most épp az EU-büdzsé miatt","https://www.portfolio.hu/unios-forrasok/20200220/ma-is-egymasnak-ugorhat-merkel-es-macron-most-epp-az-eu-budzse-miatt-416569"
"102","2020-02-18 13:40:00","Veres Dóra","Jelentõs lépésre készül a NAV – fel kell készülnie a cégeknek és a katásoknak is","https://www.portfolio.hu/gazdasag/20200218/jelentos-lepesre-keszul-a-nav-fel-kell-keszulnie-a-cegeknek-es-a-katasoknak-is-415601"
"103","2020-02-11 16:35:00","Portfolio","Képzeljünk el egy olyan világot, ahol a Tesla a Google kezében van","https://www.portfolio.hu/uzlet/20200211/kepzeljunk-el-egy-olyan-vilagot-ahol-a-tesla-a-google-kezeben-van-415457"
"104","2020-02-11 08:50:00","Portfolio","Monzo-vezér: keresztbe tesznek a bankok a haladásnak!","https://www.portfolio.hu/bank/20200211/monzo-vezer-keresztbe-tesznek-a-bankok-a-haladasnak-415377"
"105","2020-02-02 15:26:00","MTI","Alig történt meg a Brexit, vannak, akik már Nagy-Britannia visszalépésérõl beszélnek","https://www.portfolio.hu/uzlet/20200202/alig-tortent-meg-a-brexit-vannak-akik-mar-nagy-britannia-visszalepeserol-beszelnek-414453"
"106","2020-02-02 14:30:00","Ditróy Gergely, Pásztor Roxána","Nincs megállás az ingatlanpiacon: „Veszünk és fejlesztünk.”","https://www.portfolio.hu/ingatlan/20200202/nincs-megallas-az-ingatlanpiacon-veszunk-es-fejlesztunk-414389"
"107","2020-02-01 20:08:00","Portfolio, MTI","Orbán Viktor: nem lépünk ki a Néppártból, nagy viták várhatók az EU-pénzekrõl","https://www.portfolio.hu/unios-forrasok/20200201/orban-viktor-nem-lepunk-ki-a-neppartbol-nagy-vitak-varhatok-az-eu-penzekrol-414441"
"108","2020-02-01 10:32:00","Portfolio","Felfedte a kormány, mekkorát ütne a magyar gazdaságon az év végi brit kizuhanás","https://www.portfolio.hu/gazdasag/20200201/felfedte-a-kormany-mekkorat-utne-a-magyar-gazdasagon-az-ev-vegi-brit-kizuhanas-414431"
"109","2020-02-01 10:00:00","MTI","A Big Ben hangjával búcsúzott az Egyesült Királyság az EU-tól","https://www.portfolio.hu/gazdasag/20200201/a-big-ben-hangjaval-bucsuzott-az-egyesult-kiralysag-az-eu-tol-414427"
"110","2020-01-24 05:52:00","Beke Károly","Mikor legyen magyar euró? Az MNB még tíz évvel elhalasztaná ezt a kérdést","https://www.portfolio.hu/gazdasag/20200124/mikor-legyen-magyar-euro-az-mnb-meg-tiz-evvel-elhalasztana-ezt-a-kerdest-413313"
"111","2020-01-17 10:11:00","Portfolio","Itt az újabb ezermilliárd dolláros cég","https://www.portfolio.hu/uzlet/20200117/itt-az-ujabb-ezermilliard-dollaros-ceg-412807"
"112","2020-01-16 11:00:00","PR cikk","Bálozzon együtt Fischer Ivánnal és a Fesztiválzenekarral! (x)","https://www.portfolio.hu/premium/20200116/balozzon-egyutt-fischer-ivannal-es-a-fesztivalzenekarral-412587"
"113","2020-01-16 10:23:00","Portfolio","Tõzsdére megy Oszkó Péter cége","https://www.portfolio.hu/uzlet/20200116/tozsdere-megy-oszko-peter-cege-412667"
"114","2020-01-13 11:20:00","Portfolio","Lenyûgözõ épületcsodák jönnek 2020-ban","https://www.portfolio.hu/ingatlan/20200113/lenyugozo-epuletcsodak-jonnek-2020-ban-411647"
"115","2019-12-30 10:01:00","Palkó István","Mi lesz a magyar bankokkal 2020-ban? – Itt a bankvezérek válasza","https://www.portfolio.hu/bank/20191230/mi-lesz-a-magyar-bankokkal-2020-ban-itt-a-bankvezerek-valasza-410847"
"116","2019-12-25 08:38:00","Portfolio","Ezek voltak az idei év nagy nyersanyagsztorijai","https://www.portfolio.hu/uzlet/20191225/ezek-voltak-az-idei-ev-nagy-nyersanyagsztorijai-410935"
"117","2019-12-24 16:45:00","Csiki Gergely","Megtudtuk, hogyan kutatja a népszerû magyar professzor, mit is eszünk meg valójában","https://www.portfolio.hu/gazdasag/20191224/megtudtuk-hogyan-kutatja-a-nepszeru-magyar-professzor-mit-is-eszunk-meg-valojaban-410965"
"118","2019-12-19 06:10:00","Turzó Ádám Pál","Hamarosan nemzetközi fintech újítás érkezik Magyarországra","https://www.portfolio.hu/bank/20191219/hamarosan-nemzetkozi-fintech-ujitas-erkezik-magyarorszagra-410489"
"119","2019-12-17 16:00:00","Fekete Beatrix","Csábító a szuperállampapír, de hosszú távra részvényt is jó venni","https://www.portfolio.hu/uzlet/20191217/csabito-a-szuperallampapir-de-hosszu-tavra-reszvenyt-is-jo-venni-410519"
"120","2019-12-17 06:10:00","Csiki Gergely","Felejtsük el, amit eddig a gyógyításról és betegségekrõl gondoltunk, új világ jön","https://www.portfolio.hu/gazdasag/20191217/felejtsuk-el-amit-eddig-a-gyogyitasrol-es-betegsegekrol-gondoltunk-uj-vilag-jon-410409"
"121","2019-12-15 13:00:00","Portfolio","Így néz ki a jövõtudatos városépítés","https://www.portfolio.hu/ingatlan/20191215/igy-nez-ki-a-jovotudatos-varosepites-410213"
"122","2019-12-14 18:00:00","Csiki Gergely","Fogalmunk sincs, mit eszünk – Ennek vetne véget a világhírû magyar tudós","https://www.portfolio.hu/gazdasag/20191214/fogalmunk-sincs-mit-eszunk-ennek-vetne-veget-a-vilaghiru-magyar-tudos-410261"
"123","2019-12-10 18:30:00","Portfolio","Itt vannak a Wall Street kedvenc részvényei arra az esetre, ha alábbhagyna a rali","https://www.portfolio.hu/uzlet/20191210/itt-vannak-a-wall-street-kedvenc-reszvenyei-arra-az-esetre-ha-alabbhagyna-a-rali-409723"
"124","2019-12-06 18:00:00","Portfolio","Brain Bar 2020: izgalmas nevekkel jön a jövõfesztivál","https://www.portfolio.hu/uzlet/20191206/brain-bar-2020-izgalmas-nevekkel-jon-a-jovofesztival-409501"
"125","2019-12-06 11:00:00","Portfolio","Elveszik a robotok a jogászok munkáját? A sztárprofesszor elmondta, mi jön 10 év múlva","https://www.portfolio.hu/uzlet/20191206/elveszik-a-robotok-a-jogaszok-munkajat-a-sztarprofesszor-elmondta-mi-jon-10-ev-mulva-409361"
"126","2019-12-04 15:10:00","Portfolio","Tanácsadó cégbe szállt be a magyar SAP egykori vezetõje","https://www.portfolio.hu/uzlet/20191204/tanacsado-cegbe-szallt-be-a-magyar-sap-egykori-vezetoje-409211"
"127","2019-12-04 13:34:00","Szepesi Balázs, Pogácsás Péter","Megtört az átok – A magyar vállalkozások ledolgozták lemaradásukat a régióhoz képest","https://www.portfolio.hu/unios-forrasok/20191204/megtort-az-atok-a-magyar-vallalkozasok-ledolgoztak-lemaradasukat-a-regiohoz-kepest-409199"
"128","2019-12-03 12:34:00","Portfolio","Minek a szuperállampapír? Sokkal több pénz ütheti a markod, ha mersz kockáztatni","https://www.portfolio.hu/befektetes/20191203/minek-a-szuperallampapir-sokkal-tobb-penz-utheti-a-markod-ha-mersz-kockaztatni-409059"
"129","2019-11-30 06:10:00","Árgyelán Ágnes","Új befektetés hódít a világon – Már Magyarországon is elérhetõ","https://www.portfolio.hu/befektetes/20191130/uj-befektetes-hodit-a-vilagon-mar-magyarorszagon-is-elerheto-408743"
"130","2019-11-28 10:32:00","Palkó István","Gazdasági fordulatot sürget a K&H, bejelentést tett a bank","https://www.portfolio.hu/bank/20191128/gazdasagi-fordulatot-surget-a-kh-bejelentest-tett-a-bank-408595"
"131","2019-11-27 08:00:00","Portfolio","Hogyan mûködik a gyakorlatban a wellbeing és a homeoffice?","https://www.portfolio.hu/ingatlan/20191127/hogyan-mukodik-a-gyakorlatban-a-wellbeing-es-a-homeoffice-408353"
"132","2019-11-26 14:01:00","Portfolio","Nemzetközileg elismert szakemberek mutatták be a jövõ informatikai áttörését","https://www.portfolio.hu/uzlet/20191126/nemzetkozileg-elismert-szakemberek-mutattak-be-a-jovo-informatikai-attoreset-408297"
"133","2019-11-23 10:30:00","Portfolio","6 pontban elmondjuk, milyenek lesznek a jövõ legjobb munkáltatói","https://www.portfolio.hu/ingatlan/20191123/6-pontban-elmondjuk-milyenek-lesznek-a-jovo-legjobb-munkaltatoi-407879"
"134","2019-11-22 20:17:00","Portfolio","Az ábra, ami megmutatja, hogy milyen hírekre rángatják a tõzsdéket","https://www.portfolio.hu/uzlet/20191122/az-abra-ami-megmutatja-hogy-milyen-hirekre-rangatjak-a-tozsdeket-408029"
"135","2019-11-21 07:00:00","Sztanó Imre, Juhász László","Az elefántcsonttorony a múlté,  a jövõ vállalata új alapokra helyezi a tervezést","https://www.portfolio.hu/uzlet/20191121/az-elefantcsonttorony-a-multe-a-jovo-vallalata-uj-alapokra-helyezi-a-tervezest-407373"
"136","2019-11-20 18:47:00","Portfolio","A wellbeing sosem cél, legfeljebb eszköz","https://www.portfolio.hu/ingatlan/20191120/a-wellbeing-sosem-cel-legfeljebb-eszkoz-407721"
"137","2019-11-20 17:55:00","Portfolio","A happiness managereké és a születésnapi szabadságé a jövõ?","https://www.portfolio.hu/ingatlan/20191120/a-happiness-managereke-es-a-szuletesnapi-szabadsage-a-jovo-407699"
"138","2019-11-20 12:27:00","Portfolio","Mi kell hozzá? - Agilis munkavégzés és innovatív munkahely","https://www.portfolio.hu/ingatlan/20191120/mi-kell-hozza-agilis-munkavegzes-es-innovativ-munkahely-407673"
"139","2019-11-20 11:25:00","Portfolio","Visszajelzés nélkül láthatatlannak érzik magukat a munkavállalók","https://www.portfolio.hu/ingatlan/20191120/visszajelzes-nelkul-lathatatlannak-erzik-magukat-a-munkavallalok-407661"
"140","2019-11-20 10:43:00","Portfolio","Megfiatalodni vagy megújulni? - A munkaerõhiányt hagyományos módszerekkel nem lehet megoldani","https://www.portfolio.hu/ingatlan/20191120/megfiatalodni-vagy-megujulni-a-munkaerohianyt-hagyomanyos-modszerekkel-nem-lehet-megoldani-407657"
"141","2019-11-20 10:15:00","Portfolio","Pszichológiai szemmel néztük meg, milyen a jó iroda","https://www.portfolio.hu/ingatlan/20191120/pszichologiai-szemmel-neztuk-meg-milyen-a-jo-iroda-407645"
"142","2019-11-18 16:02:00","Portfolio","Tervasztalról vásárolják fel a befektetõk az irodává alakított belvárosi bérházakat","https://www.portfolio.hu/ingatlan/20191118/tervasztalrol-vasaroljak-fel-a-befektetok-az-irodava-alakitott-belvarosi-berhazakat-407367"
"143","2019-11-18 10:55:00","Portfolio","IT biztonsági céget vásárolt a tõzsdére készülõ Gloster","https://www.portfolio.hu/uzlet/20191118/it-biztonsagi-ceget-vasarolt-a-tozsdere-keszulo-gloster-407361"
"144","2019-11-15 09:12:00","Portfolio","Nemek harca - Mit akarnak a nõk, és mit a férfiak az irodában?","https://www.portfolio.hu/ingatlan/20191115/nemek-harca-mit-akarnak-a-nok-es-mit-a-ferfiak-az-irodaban-407121"
"145","2019-11-14 14:13:00","Portfolio","Megnéznéd, milyen egy most épülõ vadiúj irodaház? - Itt a lehetõség!","https://www.portfolio.hu/ingatlan/20191114/megnezned-milyen-egy-most-epulo-vadiuj-irodahaz-itt-a-lehetoseg-406539"
"146","2019-11-13 14:08:00","Portfolio","ICA után ROBIN tarolhatja le a piacot, de nagyon","https://www.portfolio.hu/ingatlan/20191113/ica-utan-robin-tarolhatja-le-a-piacot-de-nagyon-406955"
"147","2019-11-13 10:50:00","Portfolio","Az építõiparnak válaszokat kell adnia az éghajlatváltozásra","https://www.portfolio.hu/ingatlan/20191113/az-epitoiparnak-valaszokat-kell-adnia-az-eghajlatvaltozasra-406931"
"148","2019-11-11 14:10:00","Portfolio","Örökre elfelejthetjük a hálózati leállásokat","https://www.portfolio.hu/gazdasag/20191111/orokre-elfelejthetjuk-a-halozati-leallasokat-406689"
"149","2019-11-09 10:55:00","Portfolio","Komoly veszélybe kerülhetsz, ha ezekre a hírességekre rákeresel az interneten","https://www.portfolio.hu/gazdasag/20191109/komoly-veszelybe-kerulhetsz-ha-ezekre-a-hiressegekre-rakeresel-az-interneten-406513"
"150","2019-11-08 10:32:00","Portfolio","Megöli az 5G a felhõt? Pont ellenkezõleg","https://www.portfolio.hu/gazdasag/20191108/megoli-az-5g-a-felhot-pont-ellenkezoleg-406483"
"151","2019-11-07 14:07:00","Portfolio","Magyarországra is berobbant a jövõ informatikai áttörése","https://www.portfolio.hu/uzlet/20191107/magyarorszagra-is-berobbant-a-jovo-informatikai-attorese-406377"
"152","2019-11-06 11:53:00","Portfolio","Magánegészségügy: óriási lehetõségeket látnak a betegek adataiban","https://www.portfolio.hu/uzlet/20191106/maganegeszsegugy-oriasi-lehetosegeket-latnak-a-betegek-adataiban-406215"
"153","2019-11-06 10:45:00","Portfolio","Ezért menekülnek el a cégektõl az emberek az elsõ három hónapban","https://www.portfolio.hu/uzlet/20191106/ezert-menekulnek-el-a-cegektol-az-emberek-az-elso-harom-honapban-406133"
"154","2019-11-06 09:59:00","Portfolio","Új világ jön a gyártásban – Már jövõre elindulhat az átalakulás","https://www.portfolio.hu/uzlet/20191106/uj-vilag-jon-a-gyartasban-mar-jovore-elindulhat-az-atalakulas-406183"
"155","2019-11-06 07:05:00","Portfolio","A legújabb kormányzati terv, ami felpörgeti a magyar gazdaságot","https://www.portfolio.hu/uzlet/20191106/a-legujabb-kormanyzati-terv-ami-felporgeti-a-magyar-gazdasagot-406135"
"156","2019-11-04 14:02:00","Portfolio","Mitõl boldog a magyar irodista? Felmérésünk meglepõ eredményeket hozott","https://www.portfolio.hu/ingatlan/20191104/mitol-boldog-a-magyar-irodista-felmeresunk-meglepo-eredmenyeket-hozott-405795"
"157","2019-11-04 05:45:00","Csiki Gergely","Küszöbön a változás: nem olyanok lesznek a kórházak, mint amilyenekhez eddig hozzászoktunk","https://www.portfolio.hu/gazdasag/20191104/kuszobon-a-valtozas-nem-olyanok-lesznek-a-korhazak-mint-amilyenekhez-eddig-hozzaszoktunk-405561"
"158","2019-11-03 10:00:00","Portfolio","Jött az újabb arculcsapás a lakáspiacon, mégis reménykedhettünk valami jóban","https://www.portfolio.hu/ingatlan/20191103/jott-az-ujabb-arculcsapas-a-lakaspiacon-megis-remenykedhettunk-valami-joban-405731"
"159","2019-10-31 05:35:00","Huszák Dániel","Mindent elsöpört a közösségi oldal pénzügyi forradalma - Retteghetnek a bankok?","https://www.portfolio.hu/bank/20191031/mindent-elsoport-a-kozossegi-oldal-penzugyi-forradalma-retteghetnek-a-bankok-405411"
"160","2019-10-30 18:41:00","Portfolio","Így látják a bankvezérek a fintech-forradalmat Magyarországon","https://www.portfolio.hu/bank/20191030/igy-latjak-a-bankvezerek-a-fintech-forradalmat-magyarorszagon-405569"
"161","2019-10-30 11:35:00","Csiki Gergely","Igazi magyar sikersztori: budapesti szellemi mûhely mutatja az irányt a nemzetközi egészségügyben","https://www.portfolio.hu/gazdasag/20191030/igazi-magyar-sikersztori-budapesti-szellemi-muhely-mutatja-az-iranyt-a-nemzetkozi-egeszsegugyben-405143"
"162","2019-10-29 20:35:00","Portfolio","Magyar egészségügyi startupok mutatkoztak be Berlinben","https://www.portfolio.hu/gazdasag/20191029/magyar-egeszsegugyi-startupok-mutatkoztak-be-berlinben-405449"
"163","2019-10-29 11:55:00","Nagy Benjámin, Zágonyi Ádám, MNB","Hitel gyorsan, kényelmesen? Digitálisan!","https://www.portfolio.hu/uzlet/20191029/hitel-gyorsan-kenyelmesen-digitalisan-405231"
"164","2019-10-25 13:40:00","Portfolio","Ezek a magyar csúcsvezetõk rég leszámoltak a munkaerõhiánnyal","https://www.portfolio.hu/ingatlan/20191025/ezek-a-magyar-csucsvezetok-reg-leszamoltak-a-munkaerohiannyal-405029"
"165","2019-10-23 08:00:00","Portfolio","Milyen lesz egy okosplázában bevásárolni?","https://www.portfolio.hu/ingatlan/20191023/milyen-lesz-egy-okosplazaban-bevasarolni-404765"
"166","2019-10-22 12:42:00","Nagy Viktor, Bosnyák Zsolt","Drámaian terjednek az elektromos autók, de az olajnak nincs vége egyik napról a másikra","https://www.portfolio.hu/uzlet/20191022/dramaian-terjednek-az-elektromos-autok-de-az-olajnak-nincs-vege-egyik-naprol-a-masikra-404675"
"167","2019-10-21 10:03:00","Portfolio","Rákos betegségek: 10 éven belül jöhet az áttörés","https://www.portfolio.hu/uzlet/20191021/rakos-betegsegek-10-even-belul-johet-az-attores-404391"
"168","2019-10-20 10:08:00","Portfolio","Irodafejlesztés, tech és HR minden mennyiségben - egyenesen a szakértõktõl","https://www.portfolio.hu/ingatlan/20191020/irodafejlesztes-tech-es-hr-minden-mennyisegben-egyenesen-a-szakertoktol-404433"
"169","2019-10-17 13:59:00","Portfolio","Egyre több az építkezés, mégis alig van üres iroda Budapesten","https://www.portfolio.hu/ingatlan/20191017/egyre-tobb-az-epitkezes-megis-alig-van-ures-iroda-budapesten-404215"
"170","2019-10-16 13:23:00","Portfolio","Mi az, ami nem hiányozhat a jövõ szuperhatékony irodáiból?","https://www.portfolio.hu/ingatlan/20191016/mi-az-ami-nem-hianyozhat-a-jovo-szuperhatekony-irodaibol-403985"
"171","2019-10-16 13:00:00","Ditróy Gergely, Pásztor Roxána","Nem távozunk a szalagátvágás után – A Liget jelene és jövõje","https://www.portfolio.hu/ingatlan/20191016/nem-tavozunk-a-szalagatvagas-utan-a-liget-jelene-es-jovoje-404027"
"172","2019-10-11 08:43:00","Portfolio","Elindult a pesti városrehabilitáció utolsó irodaházának építése","https://www.portfolio.hu/ingatlan/20191011/elindult-a-pesti-varosrehabilitacio-utolso-irodahazanak-epitese-403611"
"173","2019-10-10 14:02:00","Csiki Gergely","Ezen áll vagy bukik a magyar cégek sikeres külföldi terjeszkedése","https://www.portfolio.hu/uzlet/20191010/ezen-all-vagy-bukik-a-magyar-cegek-sikeres-kulfoldi-terjeszkedese-403455"
"174","2019-10-09 08:49:00","Portfolio","Kiderült, hány üzletet zár be a Vodafone","https://www.portfolio.hu/uzlet/20191009/kiderult-hany-uzletet-zar-be-a-vodafone-403343"
"175","2019-10-09 05:45:00","Madár István","Török Gábor: a technológiai fejlõdés nem a demokráciákat segíti","https://www.portfolio.hu/gazdasag/20191009/torok-gabor-a-technologiai-fejlodes-nem-a-demokraciakat-segiti-402939"
"176","2019-10-08 13:43:00","Portfolio","Nagy átalakulás jön a Vodafone-nál, sok üzletet bezárnak","https://www.portfolio.hu/uzlet/20191008/nagy-atalakulas-jon-a-vodafone-nal-sok-uzletet-bezarnak-403251"
"177","2019-10-08 07:12:00","MTI, Portfolio","A katolikusok nem támogatják a brazil erdõirtást","https://www.portfolio.hu/gazdasag/20191008/a-katolikusok-nem-tamogatjak-a-brazil-erdoirtast-403171"
"178","2019-10-07 13:05:00","Portfolio","A bankoknak sokkal jobban kellene aggódniuk a ""big tech"" cégek miatt, mint a negatív kamatlábaktól","https://www.portfolio.hu/gazdasag/20191007/a-bankoknak-sokkal-jobban-kellene-aggodniuk-a-big-tech-cegek-miatt-mint-a-negativ-kamatlabaktol-402957"
"179","2019-10-06 15:51:00","Portfolio","Bámulatos feltámadás a német autópiacon - Ritkán látni ilyen számokat, érdemes mögéjük nézni","https://www.portfolio.hu/gazdasag/20191006/bamulatos-feltamadas-a-nemet-autopiacon-ritkan-latni-ilyen-szamokat-erdemes-mogejuk-nezni-403057"
"180","2019-10-06 10:07:00","Portfolio","Klímaváltozás: már nincs sok idõnk, a következõ 20 évben lépni kell","https://www.portfolio.hu/uzlet/20191006/klimavaltozas-mar-nincs-sok-idonk-a-kovetkezo-20-evben-lepni-kell-403055"
"181","2019-10-04 11:17:00","Portfolio","Mutatunk 5 irodát, ami annyira menõ, hogy akár a hétvégét is eltöltenénk bennük","https://www.portfolio.hu/ingatlan/20191004/mutatunk-5-irodat-ami-annyira-meno-hogy-akar-a-hetveget-is-eltoltenenk-bennuk-402777"
"182","2019-10-04 10:56:00","Beke Károly","Mi lesz, ha majd a robotok dolgoznak helyettünk? Erre a cégeknek is fel kell készülni","https://www.portfolio.hu/uzlet/20191004/mi-lesz-ha-majd-a-robotok-dolgoznak-helyettunk-erre-a-cegeknek-is-fel-kell-keszulni-402241"
"183","2019-10-02 11:50:00","Portfolio","Generációváltás a munkaerõpiacon: ilyen cégvezetõ válik a Z generációból","https://www.portfolio.hu/ingatlan/20191002/generaciovaltas-a-munkaeropiacon-ilyen-cegvezeto-valik-a-z-generaciobol-402701"
"184","2019-10-01 16:03:00","Kósa Endre","Amundi: indokolt az óvatosság","https://www.portfolio.hu/befektetes/20191001/amundi-indokolt-az-ovatossag-402575"
"185","2019-09-30 14:08:00","Bart István","Klímavész: ami a hosszú távú gazdasági elõrejelzésekbõl kimarad","https://www.portfolio.hu/gazdasag/20190930/klimavesz-ami-a-hosszu-tavu-gazdasagi-elorejelzesekbol-kimarad-401871"
"186","2019-09-26 15:22:00","Mester Nándor, Portfolio","Négy bérlõje már van az Atenor új irodaházának","https://www.portfolio.hu/ingatlan/20190926/negy-berloje-mar-van-az-atenor-uj-irodahazanak-402131"
"187","2019-09-24 15:30:00","Portfolio","Meddig horgonyoznak le az Y és Z generációs fiatalok egy munkahelyen?","https://www.portfolio.hu/uzlet/20190924/meddig-horgonyoznak-le-az-y-es-z-generacios-fiatalok-egy-munkahelyen-401843"
"188","2019-09-19 13:07:00","Portfolio","Már milliárdosra hízott ez a 10 gépi szuperelmékkel foglalkozó cég","https://www.portfolio.hu/bank/20190919/mar-milliardosra-hizott-ez-a-10-gepi-szuperelmekkel-foglalkozo-ceg-401391"
"189","2019-09-15 05:50:00","Huszák Dániel, Hongkong","Sosem látott fotókon Ázsia szuperlaborja","https://www.portfolio.hu/bank/20190915/sosem-latott-fotokon-azsia-szuperlaborja-400505"
"190","2019-09-13 16:18:00","Portfolio","Végre kiderült, hogy mit is gondolunk valójában a sokszínûségrõl","https://www.portfolio.hu/short/20190913/vegre-kiderult-hogy-mit-is-gondolunk-valojaban-a-sokszinusegrol-400903"
"191","2019-09-11 17:16:00","MTI","A Facebook szuperpénze lehetne a fegyver a jegybankok elnyomásával szemben","https://www.portfolio.hu/befektetes/20190911/a-facebook-szuperpenze-lehetne-a-fegyver-a-jegybankok-elnyomasaval-szemben-400645"
"192","2019-09-10 12:46:00","Portfolio","Megvan, milyen uniós biztos lesz Trócsányi László","https://www.portfolio.hu/unios-forrasok/20190910/megvan-milyen-unios-biztos-lesz-trocsanyi-laszlo-400471"
"193","2019-09-07 10:28:00","Portfolio","Magyar magánbefektetõk vásárolták meg a belga ingatlanóriás Váci úti projektjét","https://www.portfolio.hu/ingatlan/20190907/magyar-maganbefektetok-vasaroltak-meg-a-belga-ingatlanorias-vaci-uti-projektjet-400203"
"194","2019-09-05 10:37:00","Portfolio","Hatalmas visszaesés a lakáspiacon: már érezzük a kifutó építések hatását","https://www.portfolio.hu/ingatlan/20190905/hatalmas-visszaeses-a-lakaspiacon-mar-erezzuk-a-kifuto-epitesek-hatasat-400043"
"195","2019-09-04 12:30:00","Portfolio","IT válság közeledik a pénzügyi szolgáltatóknál és nagyvállalatoknál (x)","https://www.portfolio.hu/premium/20190904/it-valsag-kozeledik-a-penzugyi-szolgaltatoknal-es-nagyvallalatoknal-335785"
"196","2019-08-29 13:04:00","Portfolio","Blockchainre állt át az amerikai légierõ","https://www.portfolio.hu/uzlet/20190829/blockchainre-allt-at-az-amerikai-legiero-335697"
"197","2019-08-20 06:20:00","Portfolio","10 elképesztõ technológia, ami gyökerestül megváltoztatja a mindennapjainkat","https://www.portfolio.hu/uzlet/20190820/10-elkepeszto-technologia-ami-gyokerestul-megvaltoztatja-a-mindennapjainkat-334577"
"198","2019-07-17 11:15:00","Lovászy László","Egy új, hatalmas országot hozhat létre a globális felmelegedés","https://www.portfolio.hu/uzlet/20190717/egy-uj-hatalmas-orszagot-hozhat-letre-a-globalis-felmelegedes-331147"
"199","2019-07-15 16:15:00","György László, ITM","A magyar gazdaságpolitika jövõjének 7 új pillére","https://www.portfolio.hu/gazdasag/20190715/a-magyar-gazdasagpolitika-jovojenek-7-uj-pillere-331143"
"200","2019-07-11 10:16:00","Portfolio","10 cég csatlakozott az iparfejlesztés ászai közé","https://www.portfolio.hu/uzlet/20190711/10-ceg-csatlakozott-az-iparfejlesztes-aszai-koze-330767"
"201","2019-06-26 08:03:00","Pintér Szabolcs, SAP Hungary Kft.","Megmenthetjük a bolygót, de ehhez sokat kell tennünk","https://www.portfolio.hu/gazdasag/20190626/megmenthetjuk-a-bolygot-de-ehhez-sokat-kell-tennunk-328929"
"202","2019-06-19 09:50:00","Portfolio","A kutatók rájöttek: egy napot szabad dolgozni a héten, ha félted a mentális egészséged","https://www.portfolio.hu/short/20190619/a-kutatok-rajottek-egy-napot-szabad-dolgozni-a-heten-ha-felted-a-mentalis-egeszseged-328277"
"203","2019-06-12 19:36:00","MTI, Portfolio","Visszaszólt Trumpnak az Európai Bizottság","https://www.portfolio.hu/deviza/20190612/visszaszolt-trumpnak-az-europai-bizottsag-327565"
"204","2019-06-12 15:24:00","Portfolio","Most jön csak az igazi fordulat: amikor nem csúsznak a projektek és a minõségre sincs panasz","https://www.portfolio.hu/ingatlan/20190612/most-jon-csak-az-igazi-fordulat-amikor-nem-csusznak-a-projektek-es-a-minosegre-sincs-panasz-327351"
"205","2019-06-12 06:06:00","Mester Nándor, Portfolio","A magyar plázák elhallgatott titkai - Milliárdokat szakítanak az okostükörrel és az influenszerekkel","https://www.portfolio.hu/ingatlan/20190612/a-magyar-plazak-elhallgatott-titkai-milliardokat-szakitanak-az-okostukorrel-es-az-influenszerekkel-326471"
"206","2019-06-10 05:50:00","Turzó Ádám Pál","Szempillantás alatt kifosztja a bankok kincseskamráját a Facebook - Mire számíthatunk Magyarországon?","https://www.portfolio.hu/uzlet/20190610/szempillantas-alatt-kifosztja-a-bankok-kincseskamrajat-a-facebook-mire-szamithatunk-magyarorszagon-326677"
"207","2019-06-04 10:01:00","Huszák Dániel, Tel-Aviv","Hangfelismerõ robottal beszélgethetsz a jövõ ügyfélszolgálatán","https://www.portfolio.hu/uzlet/20190604/hangfelismero-robottal-beszelgethetsz-a-jovo-ugyfelszolgalatan-326593"
"208","2019-06-04 07:00:00","MTI, Portfolio","Trump kereskedelmi megállapodással biztatja a briteket","https://www.portfolio.hu/gazdasag/20190604/trump-kereskedelmi-megallapodassal-biztatja-a-briteket-326561"
"209","2019-06-03 15:58:00","Portfolio","Lassulásra számítanak a cégvezetõk: bármit bedobnának a versenyelõny megtartásáért","https://www.portfolio.hu/uzlet/20190603/lassulasra-szamitanak-a-cegvezetok-barmit-bedobnanak-a-versenyelony-megtartasaert-326505"
"210","2019-05-25 14:28:00","Bálint Dániel, KPMG","Küszködnek a cégek a digitalizációval - Hiányzik az egységes stratégia","https://www.portfolio.hu/uzlet/20190525/kuszkodnek-a-cegek-a-digitalizacioval-hianyzik-az-egyseges-strategia-325483"
"211","2019-05-23 12:58:00","Huszák Dániel, Dublin","Totálisan átírja a technológiai forradalom a közlekedést: felejtsd el a jegyeket és a parkolóautomatákat","https://www.portfolio.hu/uzlet/20190523/totalisan-atirja-a-technologiai-forradalom-a-kozlekedest-felejtsd-el-a-jegyeket-es-a-parkoloautomatakat-324987"
"212","2019-05-15 13:05:00","Portfolio","Szomorú valóság: a csillagokat is lehazudják az égrõl az állásinterjúkon a magyar cégek","https://www.portfolio.hu/gazdasag/20190515/szomoru-valosag-a-csillagokat-is-lehazudjak-az-egrol-az-allasinterjukon-a-magyar-cegek-324133"
"213","2019-05-14 09:53:00","Portfolio","Öt év alatt háromszorozódhat a fintechek bevétele","https://www.portfolio.hu/bank/20190514/ot-ev-alatt-haromszorozodhat-a-fintechek-bevetele-324093"
"214","2019-05-09 15:30:00","András Bence","Túl sok volt a jóból: mindjárt jöhet az újabb recesszió","https://www.portfolio.hu/prof/20190509/tul-sok-volt-a-jobol-mindjart-johet-az-ujabb-recesszio-323027"
"215","2019-05-08 05:30:00","Futó Péter","Így kellene átalakítani Budapestet, hogy valóban élhetõ város legyen","https://www.portfolio.hu/ingatlan/20190508/igy-kellene-atalakitani-budapestet-hogy-valoban-elheto-varos-legyen-321967"
"216","2019-05-03 14:22:00","Nagy Bálint","Gyökeres változás az energia világában, megkezdõdött a szemléletváltás","https://www.portfolio.hu/gazdasag/20190503/gyokeres-valtozas-az-energia-vilagaban-megkezdodott-a-szemleletvaltas-322451"
"217","2019-04-30 20:24:00","Portfolio","Trump 1 százalékpontos kamatvágásra szólította fel a Fedet","https://www.portfolio.hu/gazdasag/20190430/trump-1-szazalekpontos-kamatvagasra-szolitotta-fel-a-fedet-322695"
"218","2019-04-26 10:48:00","Portfolio","Aki ezt nem lépi meg, az hamar elbukik a kiélezett versenyben","https://www.portfolio.hu/gazdasag/20190426/aki-ezt-nem-lepi-meg-az-hamar-elbukik-a-kielezett-versenyben-322211"
"219","2019-04-20 10:45:00","András Bence","Farmot csinálunk a fekete lyukból, hogy elhalasszuk a világvégét","https://www.portfolio.hu/prof/20190420/farmot-csinalunk-a-fekete-lyukbol-hogy-elhalasszuk-a-vilagveget-321193"
"220","2019-04-18 13:08:00","Portfolio","Belenyúl a kormány a felnõttképzésbe","https://www.portfolio.hu/gazdasag/20190418/belenyul-a-kormany-a-felnottkepzesbe-321513"
"221","2019-04-17 11:26:00","Turzó Ádám Pál","Már nem az egyszerû informatikusok hiányoznak Magyarországról","https://www.portfolio.hu/uzlet/20190417/mar-nem-az-egyszeru-informatikusok-hianyoznak-magyarorszagrol-321137"
"222","2019-04-10 14:28:00","Portfolio","Ipar 4.0: aki most nem lép, behozhatatlan hátrányba kerül","https://www.portfolio.hu/uzlet/20190410/ipar-40-aki-most-nem-lep-behozhatatlan-hatranyba-kerul-320523"
"223","2019-04-04 12:12:00","MTI","Drónpilóták, mesterséges intelligencia technikusok - Új szakmák születnek a technológiai fejlõdéssel","https://www.portfolio.hu/short/20190404/dronpilotak-mesterseges-intelligencia-technikusok-uj-szakmak-szuletnek-a-technologiai-fejlodessel-319825"
"224","2019-04-01 16:11:00","Portfolio","Globális távközlési konferenciát rendez idén Magyarország","https://www.portfolio.hu/uzlet/20190401/globalis-tavkozlesi-konferenciat-rendez-iden-magyarorszag-319399"
"225","2019-03-26 10:48:00","Huszák Dániel","Szép csendben felépíti a jövõ mintaállamát egy apró európai ország","https://www.portfolio.hu/uzlet/20190326/szep-csendben-felepiti-a-jovo-mintaallamat-egy-apro-europai-orszag-318551"
"226","2019-03-21 12:31:00","Portfolio","Több mint egy évtized után letaszították a csúcsról az Apple-t","https://www.portfolio.hu/uzlet/20190321/tobb-mint-egy-evtized-utan-letaszitottak-a-csucsrol-az-apple-t-318215"
"227","2019-03-21 05:23:00","Huszák Dániel","Elképesztõ felfordulást hozhat a lakásbiztosításoknál egy magyar hátterû cég","https://www.portfolio.hu/bank/20190321/elkepeszto-felfordulast-hozhat-a-lakasbiztositasoknal-egy-magyar-hatteru-ceg-318085"
"228","2019-03-13 16:40:00","András Bence","A pénz a tárcádban nem más, mint valaki adóssága","https://www.portfolio.hu/prof/20190313/a-penz-a-tarcadban-nem-mas-mint-valaki-adossaga-315077"
"229","2019-03-13 09:47:00","Portfolio","Te döntenél 200 millió euró befektetésérõl egy szoftver tanácsa alapján?","https://www.portfolio.hu/ingatlan/20190313/te-dontenel-200-millio-euro-befekteteserol-egy-szoftver-tanacsa-alapjan-317317"
"230","2019-02-21 15:10:00","Portfolio","Mesterséges intelligencia központot nyitott Budapesten a Continental","https://www.portfolio.hu/uzlet/20190221/mesterseges-intelligencia-kozpontot-nyitott-budapesten-a-continental-314969"
"231","2019-02-18 11:33:00","Portfolio","Christopher Mattheisen lesz a Microsoft Magyarország vezetõje","https://www.portfolio.hu/uzlet/20190218/christopher-mattheisen-lesz-a-microsoft-magyarorszag-vezetoje-314455"
"232","2019-02-13 15:15:00","Budai Ákos","Ezek a trendek forgatják fel az ingatlanosok világát 2019-ben","https://www.portfolio.hu/ingatlan/20190213/ezek-a-trendek-forgatjak-fel-az-ingatlanosok-vilagat-2019-ben-313445"
"233","2019-01-18 17:30:00","András Bence","A szendvics, ami szerint brutálisan erõsödhet a forint","https://www.portfolio.hu/prof/20190118/a-szendvics-ami-szerint-brutalisan-erosodhet-a-forint-310545"
"234","2019-01-09 09:31:00","Portfolio","Hadiiparba száll be egy magyar tõzsdei cég","https://www.portfolio.hu/uzlet/20190109/hadiiparba-szall-be-egy-magyar-tozsdei-ceg-309875"
"235","2019-01-07 09:30:00","Pásztor Roxána, Ditróy Gergely","Felhõ alapú csapatmunkáé a jövõ a magyar építõiparban","https://www.portfolio.hu/ingatlan/20190107/felho-alapu-csapatmunkae-a-jovo-a-magyar-epitoiparban-309327"
"236","2019-01-03 08:35:00","Portfolio","Landolt a Hold ismeretlen, ""sötét"" oldalán egy ûrszonda","https://www.portfolio.hu/short/20190103/landolt-a-hold-ismeretlen-sotet-oldalan-egy-urszonda-309273"
"237","2018-12-27 10:11:00","Portfolio","Mi lesz a magyar bankokkal 2019-ben? Megszólal a kilenc vezér","https://www.portfolio.hu/bank/20181227/mi-lesz-a-magyar-bankokkal-2019-ben-megszolal-a-kilenc-vezer-308649"
"238","2018-12-14 16:20:00","Portfolio","Íme a technológia, ami megmenti a világot, és megmondja, mit vegyél karácsonyra","https://www.portfolio.hu/uzlet/20181214/ime-a-technologia-ami-megmenti-a-vilagot-es-megmondja-mit-vegyel-karacsonyra-307767"
"239","2018-12-14 16:16:00","Portfolio","Vakrepülnek a magyar cégek, de néhány lépéssel sokkal sikeresebbek lehetnek","https://www.portfolio.hu/unios-forrasok/20181214/vakrepulnek-a-magyar-cegek-de-nehany-lepessel-sokkal-sikeresebbek-lehetnek-307931"
"240","2018-12-12 16:02:00","András Bence","Az Isten szerelmére: nincs olyan, hogy fizetõképes kereslet","https://www.portfolio.hu/prof/20181212/az-isten-szerelmere-nincs-olyan-hogy-fizetokepes-kereslet-307509"
"241","2018-12-02 15:15:00","Huszák Dániel","Világraszóló húzásra készül Putyin gigabankja","https://www.portfolio.hu/bank/20181202/vilagraszolo-huzasra-keszul-putyin-gigabankja-304358"
"242","2018-11-26 15:12:00","Portfolio","Jönnek a robotközjegyzõk és a virtuális ügyvédek? + videó","https://www.portfolio.hu/uzlet/20181126/jonnek-a-robotkozjegyzok-es-a-virtualis-ugyvedek-video-305471"
"243","2018-11-25 17:10:00","Réti, Várszegi és Társai Ügyvédi Iroda","Beindul a GVH: a digitális gazdaságban tesznek rendet","https://www.portfolio.hu/uzlet/20181125/beindul-a-gvh-a-digitalis-gazdasagban-tesznek-rendet-305025"
"244","2018-11-22 09:27:00","Portfolio","Trump végre elárulta, kinek köszönhetõ valójában az üzemanyagár csökkenése","https://www.portfolio.hu/uzlet/20181122/trump-vegre-elarulta-kinek-koszonheto-valojaban-az-uzemanyagar-csokkenese-305243"
"245","2018-11-21 18:24:00","Portfolio","Trump nagyon boldog lett","https://www.portfolio.hu/uzlet/20181121/trump-nagyon-boldog-lett-305193"
"246","2018-11-15 11:11:00","Portfolio","A robotok máris legyõztek minket","https://www.portfolio.hu/uzlet/20181115/a-robotok-maris-legyoztek-minket-304452"
"247","2018-11-15 09:58:00","Portfolio","Hamarosan Magyarországon is végigsöpörhet a mobilfizetési forradalom","https://www.portfolio.hu/uzlet/20181115/hamarosan-magyarorszagon-is-vegigsoporhet-a-mobilfizetesi-forradalom-304426"
"248","2018-11-13 13:16:00","Portfolio","Súlyos következményei lehetnek az egészségbiztosítási adókedvezmény megszüntetésének","https://www.portfolio.hu/gazdasag/20181113/sulyos-kovetkezmenyei-lehetnek-az-egeszsegbiztositasi-adokedvezmeny-megszuntetesenek-304188"
"249","2018-11-12 16:51:00","Portfolio","Donald Trump már tudja, miért esnek az amerikai tõzsdék","https://www.portfolio.hu/uzlet/20181112/donald-trump-mar-tudja-miert-esnek-az-amerikai-tozsdek-304074"
"250","2018-11-09 11:15:00","MTI","Kínai jegybankelnök: jót tesz nekünk is a Kína-KKE-együttmûködés","https://www.portfolio.hu/gazdasag/20181109/kinai-jegybankelnok-jot-tesz-nekunk-is-a-kina-kke-egyuttmukodes-303822"
"251","2018-11-06 08:15:00","Portfolio","Mi lesz velünk, tényleg kevesebb kórházra lesz szükség?","https://www.portfolio.hu/gazdasag/20181106/mi-lesz-velunk-tenyleg-kevesebb-korhazra-lesz-szukseg-303310"
"252","2018-10-31 08:07:00","András Bence","Kipusztítottuk a gerinces állatvilág 60%-át","https://www.portfolio.hu/prof/20181031/kipusztitottuk-a-gerinces-allatvilag-60-at-302894"
"253","2018-10-27 09:55:00","Ságodi Attila, KPMG","Fájni fog a magyar cégeknek: még a TOP 50-be sem sikerült bekerülnünk","https://www.portfolio.hu/uzlet/20181027/fajni-fog-a-magyar-cegeknek-meg-a-top-50-be-sem-sikerult-bekerulnunk-302560"
"254","2018-10-26 14:30:00","Portfolio","Hogyan forgatja fel az egészségügyet a digitalizáció? Jön a válasz!","https://www.portfolio.hu/gazdasag/20181026/hogyan-forgatja-fel-az-egeszsegugyet-a-digitalizacio-jon-a-valasz-302518"
"255","2018-10-18 13:59:00","Portfolio","Nem csak a robotok jelentik az ipar 4.0-át","https://www.portfolio.hu/uzlet/20181018/nem-csak-a-robotok-jelentik-az-ipar-40-at-301796"
"256","2018-10-10 12:26:00","Portfolio","Ötödik éve szárnyal az ingatlanpiac - Meddig tarthat a lendület?","https://www.portfolio.hu/ingatlan/20181010/otodik-eve-szarnyal-az-ingatlanpiac-meddig-tarthat-a-lendulet-298050"
"257","2018-10-05 11:04:00","András Bence","A grafikon, ami életeket mentett","https://www.portfolio.hu/prof/20181005/a-grafikon-ami-eleteket-mentett-299542"
"258","2018-10-04 17:22:00","Portfolio","Most igazán jó technológiai startupnak lenni","https://www.portfolio.hu/uzlet/20181004/most-igazan-jo-technologiai-startupnak-lenni-300220"
"259","2018-10-01 05:00:00","Portfolio","Nemzetközi szakmai konferenciák és továbbképzések (x)","https://www.portfolio.hu/premium/20181001/nemzetkozi-szakmai-konferenciak-es-tovabbkepzesek-298810"
"260","2018-09-24 05:00:00","Portfolio","A diszrupció, mint befektetési terep négy dimenzióval leírható (x)","https://www.portfolio.hu/premium/20180924/a-diszrupcio-mint-befektetesi-terep-negy-dimenzioval-leirhato-298266"
"261","2018-09-12 08:33:00","Portfolio","Te magadra tetoválnád a kedvenc pizzád logóját, ha 100 évig évente 100 ingyen pizzát kapnál?","https://www.portfolio.hu/short/20180912/te-magadra-tetovalnad-a-kedvenc-pizzad-logojat-ha-100-evig-evente-100-ingyen-pizzat-kapnal-297518"
"262","2018-08-23 13:51:00","Ablonczy Balázs, SAP","Csak egy út van számunkra, hogy megverjük az USA-t és Kínát","https://www.portfolio.hu/gazdasag/20180823/csak-egy-ut-van-szamunkra-hogy-megverjuk-az-usa-t-es-kinat-294848"
"263","2018-08-21 05:30:00","Huszák Dániel","Kitaláltak egy teljesen újfajta biztosítót, milliárdok repültek rá egy pillanat alatt","https://www.portfolio.hu/bank/20180821/kitalaltak-egy-teljesen-ujfajta-biztositot-milliardok-repultek-ra-egy-pillanat-alatt-294986"
"264","2018-08-17 09:20:00","Portfolio","Blockchainalapú mobilfizetési rendszert fejleszt két pénzintézet","https://www.portfolio.hu/bank/20180817/blockchainalapu-mobilfizetesi-rendszert-fejleszt-ket-penzintezet-295040"
"265","2018-08-14 10:14:00","Portfolio","Komoly újításokkal lepné meg a világot az egyik legnagyobb kínai bank","https://www.portfolio.hu/bank/20180814/komoly-ujitasokkal-lepne-meg-a-vilagot-az-egyik-legnagyobb-kinai-bank-294696"
"266","2018-08-14 10:00:00","Csiki Gergely","Most van kritikus döntési pontnál Magyarország - Interjú az MSD hazai vezérével","https://www.portfolio.hu/gazdasag/20180814/most-van-kritikus-dontesi-pontnal-magyarorszag-interju-az-msd-hazai-vezerevel-294426"
"267","2018-08-13 05:30:00","Portfolio","Kiszakadnak Európából az ipari forradalmárok, készüljünk a káoszra?","https://www.portfolio.hu/uzlet/20180813/kiszakadnak-europabol-az-ipari-forradalmarok-keszuljunk-a-kaoszra-294350"
"268","2018-08-11 18:12:00","Portfolio","Sorra jelennek meg az újabbnál újabb õrületek az ingatlanoknál","https://www.portfolio.hu/ingatlan/20180811/sorra-jelennek-meg-az-ujabbnal-ujabb-oruletek-az-ingatlanoknal-294220"
"269","2018-07-20 14:53:00","Portfolio","A vámháború után a devizaháborúba is beleáll Trump","https://www.portfolio.hu/deviza/20180720/a-vamhaboru-utan-a-devizahaboruba-is-beleall-trump-292496"
"270","2018-07-17 16:15:00","Portfolio","Mi folyik itt? A magasabb bérleti díjak iránt nõ jobban a kereslet?","https://www.portfolio.hu/ingatlan/20180717/mi-folyik-itt-a-magasabb-berleti-dijak-irant-no-jobban-a-kereslet-292158"
"271","2018-07-05 08:31:00","Soltész Krisztina","Globális mûtárgypiaci trendek","https://www.portfolio.hu/befektetes/20180705/globalis-mutargypiaci-trendek-290954"
"272","2018-07-04 09:54:00","Portfolio","Megbéníthatják a modern technológiák a pénzügyi rendszert az EBA szerint","https://www.portfolio.hu/bank/20180704/megbenithatjak-a-modern-technologiak-a-penzugyi-rendszert-az-eba-szerint-290846"
"273","2018-06-27 10:22:00","Huszák Dániel","Elsõ sorból nézte végig a 2008-as válságot, most elárulja, miben lát fantáziát","https://www.portfolio.hu/uzlet/20180627/elso-sorbol-nezte-vegig-a-2008-as-valsagot-most-elarulja-miben-lat-fantaziat-289940"
"274","2018-06-21 11:00:00","Rakó Ágnes, KPMG","Kevesen gondolják, hogy már ez a munkakör is automatizálható","https://www.portfolio.hu/uzlet/20180621/kevesen-gondoljak-hogy-mar-ez-a-munkakor-is-automatizalhato-289476"
"275","2018-06-03 17:15:00","Portfolio","Gyökeresen át kell alakítani az oktatást, ha nem akarunk teljesen lemaradni","https://www.portfolio.hu/ingatlan/20180603/gyokeresen-at-kell-alakitani-az-oktatast-ha-nem-akarunk-teljesen-lemaradni-287250"
"276","2018-05-29 17:00:00","Portfolio","Rendkívüli kihívás elõtt állnak a magyar energiavállalatok","https://www.portfolio.hu/uzlet/20180529/rendkivuli-kihivas-elott-allnak-a-magyar-energiavallalatok-287098"
"277","2018-05-29 11:30:00","Portfolio","Hogy fog kinézni a céged 20 év múlva? A Szilícium-völgybõl jönnek, és elmondják","https://www.portfolio.hu/uzlet/20180529/hogy-fog-kinezni-a-ceged-20-ev-mulva-a-szilicium-volgybol-jonnek-es-elmondjak-287012"
"278","2018-05-29 10:00:00","Hajnal Mihály, Tengely Veronika, MNB","A robotok legyõzhetik az árak emelkedését","https://www.portfolio.hu/gazdasag/20180529/a-robotok-legyozhetik-az-arak-emelkedeset-286792"
"279","2018-05-29 08:30:00","Portfolio","Okosváros: kik lesznek az igazi nyertesek?","https://www.portfolio.hu/ingatlan/20180529/okosvaros-kik-lesznek-az-igazi-nyertesek-286946"
"280","2018-05-25 05:35:00","Hornyák József","Itt a nagy terv, amivel az új Orbán-kormány megmenti a magyar gazdaságot!","https://www.portfolio.hu/gazdasag/20180525/itt-a-nagy-terv-amivel-az-uj-orban-kormany-megmenti-a-magyar-gazdasagot-286548"
"281","2018-05-23 14:00:00","Portfolio","Elképesztõ ötletekkel indultak el az éles kísérletek - Vidéken épül a jövõ","https://www.portfolio.hu/ingatlan/20180523/elkepeszto-otletekkel-indultak-el-az-eles-kiserletek-videken-epul-a-jovo-285544"
"282","2018-05-21 08:00:00","Portfolio","Ezek a legjobb magyar városok a lakásfejlesztõk szemével","https://www.portfolio.hu/ingatlan/20180521/ezek-a-legjobb-magyar-varosok-a-lakasfejlesztok-szemevel-285820"
"283","2018-05-20 15:30:00","Portfolio","Tízezreknek adnak munkát Budapesten - Mi lenne, ha holnap kivonulnának?","https://www.portfolio.hu/ingatlan/20180520/tizezreknek-adnak-munkat-budapesten-mi-lenne-ha-holnap-kivonulnanak-267915"
"284","2018-05-19 13:01:00","Portfolio","Út és vasútépítési boom zajlik Magyarországon - Van, aki nem örül ennek","https://www.portfolio.hu/ingatlan/20180519/ut-es-vasutepitesi-boom-zajlik-magyarorszagon-van-aki-nem-orul-ennek-285790"
"285","2018-05-18 11:00:00","Portfolio","Mit keres a görög filozófia és sci-fi az üzleti döntésekben? (x)","https://www.portfolio.hu/premium/20180518/mit-keres-a-gorog-filozofia-es-sci-fi-az-uzleti-dontesekben-285772"
"286","2018-05-17 10:20:00","Portfolio","Hoppá! További 30 ezer négyzetméternyi pláza épülhet Budán","https://www.portfolio.hu/ingatlan/20180517/hoppa-tovabbi-30-ezer-negyzetmeternyi-plaza-epulhet-budan-285746"
"287","2018-05-16 17:44:00","Portfolio","Teljesen átrendezheti az energiaszektort a blokklánc","https://www.portfolio.hu/uzlet/20180516/teljesen-atrendezheti-az-energiaszektort-a-blokklanc-285692"
"288","2018-05-16 15:12:00","Portfolio","Újabb pláza építése indulhat Budán","https://www.portfolio.hu/ingatlan/20180516/ujabb-plaza-epitese-indulhat-budan-285662"
"289","2018-05-16 10:00:00","Portfolio","Mi lesz a szebb napokat látott budai épület sorsa?","https://www.portfolio.hu/ingatlan/20180516/mi-lesz-a-szebb-napokat-latott-budai-epulet-sorsa-285602"
"290","2018-05-13 09:15:00","Portfolio","Az ûrverseny semmi ahhoz képest, ami most jön","https://www.portfolio.hu/uzlet/20180513/az-urverseny-semmi-ahhoz-kepest-ami-most-jon-285140"
"291","2018-05-11 14:30:00","Portfolio","Energetikai startupokat díjazott az MVM","https://www.portfolio.hu/uzlet/20180511/energetikai-startupokat-dijazott-az-mvm-285126"
"292","2018-05-10 16:15:00","Portfolio","Megtorpedózhatja az állam az új budai gigapláza építését!","https://www.portfolio.hu/ingatlan/20180510/megtorpedozhatja-az-allam-az-uj-budai-gigaplaza-epiteset-285000"
"293","2018-05-08 05:42:00","Portfolio","Öregedési válság, klímakatasztrófa - most degeszre keresheted magad rajtuk","https://www.portfolio.hu/befektetes/20180508/oregedesi-valsag-klimakatasztrofa-most-degeszre-keresheted-magad-rajtuk-284550"
"294","2018-05-04 14:10:00","Turzó Ádám Pál","Digitális háborút robbantottak ki a bankok ellen: egy magyar cég mentheti meg õket","https://www.portfolio.hu/uzlet/20180504/digitalis-haborut-robbantottak-ki-a-bankok-ellen-egy-magyar-ceg-mentheti-meg-oket-281046"
"295","2018-04-30 12:16:00","Portfolio","Óriási változás küszöbén állhat a bitcoin - Új szintre léphet a kriptodeviza","https://www.portfolio.hu/gazdasag/20180430/oriasi-valtozas-kuszoben-allhat-a-bitcoin-uj-szintre-lephet-a-kriptodeviza-283942"
"296","2018-04-25 16:40:00","Portfolio","Átalakítja az ingatlanpiacot a digitalizáció?","https://www.portfolio.hu/ingatlan/20180425/atalakitja-az-ingatlanpiacot-a-digitalizacio-283390"
"297","2018-04-25 10:01:00","Huszák Dániel","Radikális újításokkal robbantanának a magyar piacon a biztosítók","https://www.portfolio.hu/bank/20180425/radikalis-ujitasokkal-robbantananak-a-magyar-piacon-a-biztositok-283034"
"298","2018-04-23 10:34:00","Portfolio","Nemzetközi versenyen gyõzött egy kis magyar startup","https://www.portfolio.hu/uzlet/20180423/nemzetkozi-versenyen-gyozott-egy-kis-magyar-startup-283226"
"299","2018-04-19 14:28:00","Portfolio","Tétovázó cégeken múlik, hogy a ma ismert világot elsöpri-e végül a mesterséges intelligencia","https://www.portfolio.hu/uzlet/20180419/tetovazo-cegeken-mulik-hogy-a-ma-ismert-vilagot-elsopri-e-vegul-a-mesterseges-intelligencia-282604"
"300","2018-04-19 10:43:00","Portfolio","Csak fogod a fejed, mik vannak - Óriási fejlesztések zajlanak a logisztikában","https://www.portfolio.hu/uzlet/20180419/csak-fogod-a-fejed-mik-vannak-oriasi-fejlesztesek-zajlanak-a-logisztikaban-282878"
"301","2018-04-18 13:04:00","Portfolio","Elárulta a Waberer's ügyvezetõje, mi jelentheti a magyar cégek jövõjét","https://www.portfolio.hu/uzlet/20180418/elarulta-a-waberers-ugyvezetoje-mi-jelentheti-a-magyar-cegek-jovojet-282740"
"302","2018-04-17 09:27:00","Portfolio","Elszállt az alumínium ára Trump lépésére","https://www.portfolio.hu/uzlet/20180417/elszallt-az-aluminium-ara-trump-lepesere-282598"
"303","2018-04-10 16:30:00","Portfolio","Fizet a Facebook, ha adatlopást jelentesz fel","https://www.portfolio.hu/uzlet/20180410/fizet-a-facebook-ha-adatlopast-jelentesz-fel-281982"
"304","2018-03-25 06:20:00","Portfolio","Brutális támadás alatt állnak a bankjaink - Íme a 10 legveszélyesebb felforgató","https://www.portfolio.hu/bank/20180325/brutalis-tamadas-alatt-allnak-a-bankjaink-ime-a-10-legveszelyesebb-felforgato-280444"
"305","2018-02-27 15:54:00","MTI","Hónapokon belül indul a Facebook szuperhálózatának tesztelése Magyarországon","https://www.portfolio.hu/uzlet/20180227/honapokon-belul-indul-a-facebook-szuperhalozatanak-tesztelese-magyarorszagon-278027"
"306","2018-02-25 15:12:00","Portfolio","Újabb magyar innovációs siker a rák elleni harcban","https://www.portfolio.hu/uzlet/20180225/ujabb-magyar-innovacios-siker-a-rak-elleni-harcban-277793"
"307","2018-02-21 08:41:00","Portfolio","Amerikai terjeszkedésre kap dollármilliókat a magyar sikersztori","https://www.portfolio.hu/uzlet/20180221/amerikai-terjeszkedesre-kap-dollarmilliokat-a-magyar-sikersztori-277285"
"308","2018-02-20 15:34:00","Fekete Beatrix","Jön a negyedik ipari forradalom és kereshetünk magunknak új munkát","https://www.portfolio.hu/uzlet/20180220/jon-a-negyedik-ipari-forradalom-es-kereshetunk-magunknak-uj-munkat-277111"
"309","2018-02-12 10:22:00","Portfolio","MNB: a globalizáció új fázisában is indokolt még a laza monetáris politika","https://www.portfolio.hu/gazdasag/20180212/mnb-a-globalizacio-uj-fazisaban-is-indokolt-meg-a-laza-monetaris-politika-276339"
"310","2018-02-07 19:06:00","Portfolio","Trump sem érti, mi folyik a tõzsdéken","https://www.portfolio.hu/uzlet/20180207/trump-sem-erti-mi-folyik-a-tozsdeken-275971"
"311","2018-02-07 16:20:00","Nagy Viktor","Mi a következõ nagy dobás a Telekomnál? Mészárosék szállnak be, vagy indul a kriptodeviza-õrület?","https://www.portfolio.hu/uzlet/20180207/mi-a-kovetkezo-nagy-dobas-a-telekomnal-meszarosek-szallnak-be-vagy-indul-a-kriptodeviza-orulet-275801"
"312","2018-02-02 17:54:00","MTI","Szárnyalni fog Közép-Európa 2018-ban a cégek szerint","https://www.portfolio.hu/uzlet/20180202/szarnyalni-fog-kozep-europa-2018-ban-a-cegek-szerint-275543"
"313","2018-01-30 09:30:00","Portfolio","A Continental mesterséges intelligencia központot nyit Budapesten","https://www.portfolio.hu/uzlet/20180130/a-continental-mesterseges-intelligencia-kozpontot-nyit-budapesten-275061"
"314","2018-01-26 19:58:00","Portfolio","Megjósolta a gazdasági világválságot, most a bitcoinra mondta ki a végítéletet","https://www.portfolio.hu/uzlet/20180126/megjosolta-a-gazdasagi-vilagvalsagot-most-a-bitcoinra-mondta-ki-a-vegiteletet-274865"
"315","2018-01-18 11:33:00","Virág Barnabás, MNB","Repedések a falon - úton a közgazdaságtan megújulása felé?","https://www.portfolio.hu/gazdasag/20180118/repedesek-a-falon-uton-a-kozgazdasagtan-megujulasa-fele-273805"
"316","2018-01-17 10:25:00","Huszák Dániel","10 ütõs bizonyíték, hogy a Bitcoin-titok berobbant a bankokba","https://www.portfolio.hu/bank/20180117/10-utos-bizonyitek-hogy-a-bitcoin-titok-berobbant-a-bankokba-273731"
"317","2018-01-05 16:45:00","Futó Péter","A logisztika lehet az e-kereskedelem igazi nyertese","https://www.portfolio.hu/ingatlan/20180105/a-logisztika-lehet-az-e-kereskedelem-igazi-nyertese-271879"
"318","2017-12-21 11:00:00","Portfolio","Continental: a valódi vonzerõt a vállalat értékei jelentik (x)","https://www.portfolio.hu/premium/20171221/continental-a-valodi-vonzerot-a-vallalat-ertekei-jelentik-271313"
"319","2017-12-19 09:49:00","Portfolio","Adataink tömkelegét kapják meg a jegybankok","https://www.portfolio.hu/bank/20171219/adataink-tomkeleget-kapjak-meg-a-jegybankok-271417"
"320","2017-12-14 09:03:00","Portfolio","Erre a cafetériára vár a legtöbb dolgozó - Csak talán még nem is tud róla","https://www.portfolio.hu/gazdasag/20171214/erre-a-cafeteriara-var-a-legtobb-dolgozo-csak-talan-meg-nem-is-tud-rola-270319"
"321","2017-12-13 06:22:00","Huszák Dániel","Hamarosan eltûnik a ma ismert világ: az emberiség már szuperelméket fejleszt","https://www.portfolio.hu/befektetes/20171213/hamarosan-eltunik-a-ma-ismert-vilag-az-emberiseg-mar-szuperelmeket-fejleszt-270643"
"322","2017-12-04 10:21:00","Portfolio","Robotok nyomoznak a csalók után, és elképesztõen hatékonyan csinálják","https://www.portfolio.hu/uzlet/20171204/robotok-nyomoznak-a-csalok-utan-es-elkepesztoen-hatekonyan-csinaljak-269915"
"323","2017-11-30 09:08:00","Portfolio","Választhatsz: pofátlanul ellopják minden adatodat, vagy nem kapsz hitelt","https://www.portfolio.hu/bank/20171130/valaszthatsz-pofatlanul-ellopjak-minden-adatodat-vagy-nem-kapsz-hitelt-269589"
"324","2017-11-29 14:02:00","Portfolio","Mesterséges intelligenciával irányítják a jövõ városait","https://www.portfolio.hu/ingatlan/20171129/mesterseges-intelligenciaval-iranyitjak-a-jovo-varosait-269501"
"325","2017-11-29 08:55:00","Portfolio","Néhány hét múlva 12 takarékszövetkezet marad Magyarországon","https://www.portfolio.hu/bank/20171129/nehany-het-mulva-12-takarekszovetkezet-marad-magyarorszagon-269433"
"326","2017-11-20 09:21:00","Portfolio","Egyre nagyobbra hízik az Alibaba-birodalom","https://www.portfolio.hu/uzlet/20171120/egyre-nagyobbra-hizik-az-alibaba-birodalom-268411"
"327","2017-11-16 18:16:00","MTI","Magyar figyelmeztetés: a globális értékláncok a múlt, a digitalizáció a jövõ","https://www.portfolio.hu/gazdasag/20171116/magyar-figyelmeztetes-a-globalis-erteklancok-a-mult-a-digitalizacio-a-jovo-268201"
"328","2017-11-03 11:02:00","Huszák Dániel","10 bank, amely a digitális forradalom élére állt","https://www.portfolio.hu/bank/20171103/10-bank-amely-a-digitalis-forradalom-elere-allt-266823"
"329","2017-11-01 08:58:00","Háhner Petra","Közel az idõ, amikor robotok fognak állásinterjúztatni","https://www.portfolio.hu/uzlet/20171101/kozel-az-ido-amikor-robotok-fognak-allasinterjuztatni-266645"
"330","2017-10-25 16:36:00","Portfolio","Átok vagy áldás? Új kihívások elõtt áll a bankszektor","https://www.portfolio.hu/bank/20171025/atok-vagy-aldas-uj-kihivasok-elott-all-a-bankszektor-266165"
"331","2017-10-20 15:15:00","Portfolio","Valójában mindannyian a Facebook és a Google termékei vagyunk","https://www.portfolio.hu/uzlet/20171020/valojaban-mindannyian-a-facebook-es-a-google-termekei-vagyunk-265837"
"332","2017-10-13 16:45:00","Portfolio","Meghódítja a bankszektort a mesterséges intelligencia","https://www.portfolio.hu/bank/20171013/meghoditja-a-bankszektort-a-mesterseges-intelligencia-265225"
"333","2017-10-12 06:10:00","Fekete Beatrix","Új világ jön: a világ túloldaláról hozhatják el ide a városi forradalmat","https://www.portfolio.hu/uzlet/20171012/uj-vilag-jon-a-vilag-tuloldalarol-hozhatjak-el-ide-a-varosi-forradalmat-264871"
"334","2017-09-22 09:34:00","Portfolio","Tõzsdére megy a világ egyik legnagyobb insurtech cége","https://www.portfolio.hu/uzlet/20170922/tozsdere-megy-a-vilag-egyik-legnagyobb-insurtech-cege-262963"
"335","2017-09-09 07:25:00","Portfolio","Elképesztõ változásokat hoz az 5G","https://www.portfolio.hu/uzlet/20170909/elkepeszto-valtozasokat-hoz-az-5g-261749"
"336","2017-08-25 08:52:00","Portfolio","A hír, aminek befektetõként is örülsz: idén csak 100 milliárd dollárt vesztettél","https://www.portfolio.hu/befektetes/20170825/a-hir-aminek-befektetokent-is-orulsz-iden-csak-100-milliard-dollart-vesztettel-260373"
"337","2017-08-18 09:49:00","Portfolio","Ravasz bennfentes kereskedõket csíptek el","https://www.portfolio.hu/uzlet/20170818/ravasz-bennfentes-kereskedoket-csiptek-el-259751"
"338","2017-07-26 14:10:00","Portfolio","Több százezren égették meg magukat, hadat üzentek a piramisjátékoknak","https://www.portfolio.hu/befektetes/20170726/tobb-szazezren-egettek-meg-magukat-hadat-uzentek-a-piramisjatekoknak-257633"
"339","2017-07-08 15:04:00","Portfolio","Álhíreket gyártott a bukott színésznõ, így manipulálta a tõzsdéket","https://www.portfolio.hu/uzlet/20170708/alhireket-gyartott-a-bukott-szineszno-igy-manipulalta-a-tozsdeket-255701"
"340","2017-06-13 21:15:00","MTI","Merkel: lemaradhat Németország, nézzétek meg az észteket","https://www.portfolio.hu/uzlet/20170613/merkel-lemaradhat-nemetorszag-nezzetek-meg-az-eszteket-253463"
"341","2017-06-12 11:14:00","Portfolio","Minden eddiginél nagyobb teszten van túl a blockchain","https://www.portfolio.hu/uzlet/20170612/minden-eddiginel-nagyobb-teszten-van-tul-a-blockchain-253245"
"342","2017-06-12 10:56:00","Portfolio","A globalizáció mindent felforgató, végsõ szakasza már elkezdõdött","https://www.portfolio.hu/gazdasag/20170612/a-globalizacio-mindent-felforgato-vegso-szakasza-mar-elkezdodott-253231"
"343","2017-06-08 11:34:00","Portfolio","Elképesztõ változások mentek végbe a Magyar Telekomnál","https://www.portfolio.hu/uzlet/20170608/elkepeszto-valtozasok-mentek-vegbe-a-magyar-telekomnal-252913"
"344","2017-06-02 09:25:00","Portfolio","Már a bécsi Raiffeisen is várja a magyarokat az új fintech programjára","https://www.portfolio.hu/uzlet/20170602/mar-a-becsi-raiffeisen-is-varja-a-magyarokat-az-uj-fintech-programjara-252387"
"345","2017-06-01 10:23:00","Portfolio","CEU-rektor: ha a kormány békén hagy minket, mi is békén hagyjuk õket","https://www.portfolio.hu/gazdasag/20170601/ceu-rektor-ha-a-kormany-beken-hagy-minket-mi-is-beken-hagyjuk-oket-252229"
"346","2017-05-25 13:18:00","Portfolio","Ipar 4.0: Hogy tudunk lépést tartani Kínával?","https://www.portfolio.hu/uzlet/20170525/ipar-40-hogy-tudunk-lepest-tartani-kinaval-251521"
"347","2017-05-23 14:00:00","Varga Szabolcs","Már Bitcoint is vált egy magyar pénzváltó: kinek éri ez meg?","https://www.portfolio.hu/uzlet/20170523/mar-bitcoint-is-valt-egy-magyar-penzvalto-kinek-eri-ez-meg-250749"
"348","2017-05-18 18:11:00","Fekete Beatrix, SAPPHIRE, Orlando, Florida","Mesterséges intelligenciát és okoskütyüket a gyárakba!","https://www.portfolio.hu/uzlet/20170518/mesterseges-intelligenciat-es-okoskutyuket-a-gyarakba-250925"
"349","2017-05-16 17:54:00","Fekete Beatrix, SAPPHIRE, Orlando, Florida","Együtt megy neki a gépi tanulásnak a Google és az SAP","https://www.portfolio.hu/uzlet/20170516/egyutt-megy-neki-a-gepi-tanulasnak-a-google-es-az-sap-250671"
"350","2017-05-04 21:05:00","Portfolio","Ujjongva fogadták a republikánus képviselõk az Obamacare visszavonását","https://www.portfolio.hu/gazdasag/20170504/ujjongva-fogadtak-a-republikanus-kepviselok-az-obamacare-visszavonasat-249629"
"351","2017-04-25 15:42:00","Portfolio","Még évekig pöröghetnek a lakáshitelek","https://www.portfolio.hu/bank/20170425/meg-evekig-poroghetnek-a-lakashitelek-248663"
"352","2017-04-25 09:45:00","Portfolio","Mi történik itt? - Teljesen felforgatják a városainkat!","https://www.portfolio.hu/ingatlan/20170425/mi-tortenik-itt-teljesen-felforgatjak-a-varosainkat-248525"
"353","2017-04-21 16:48:00","Csiki Gergely","Egyedülálló újítás jöhet az adózásban","https://www.portfolio.hu/gazdasag/20170421/egyedulallo-ujitas-johet-az-adozasban-248331"
"354","2017-04-20 10:50:00","Portfolio","A technológia, amiben Magyarország egyáltalán nincs lemaradva","https://www.portfolio.hu/ingatlan/20170420/a-technologia-amiben-magyarorszag-egyaltalan-nincs-lemaradva-248125"
"355","2017-04-19 05:50:00","András Bence, Háhner Petra","Hamarosan ezrével szûnnek meg a munkahelyek Magyarországon","https://www.portfolio.hu/gazdasag/20170419/hamarosan-ezrevel-szunnek-meg-a-munkahelyek-magyarorszagon-247475"
"356","2017-04-02 16:34:00","Portfolio","Egyedülálló<U+200B> könyv érkezett: Tények és tévhitek a lakáspiacról","https://www.portfolio.hu/ingatlan/20170402/egyedulallo8203-konyv-erkezett-tenyek-es-tevhitek-a-lakaspiacrol-245817"
"357","2017-03-20 19:43:00","Portfolio","Túlfutott a Trump-rali: rengetegen csalódnak majd a részvénypiacban","https://www.portfolio.hu/uzlet/20170320/tulfutott-a-trump-rali-rengetegen-csalodnak-majd-a-reszvenypiacban-245756"
"358","2017-03-14 09:04:00","Portfolio","Hatalmasra hízik a világ legértékesebb online biztosítója","https://www.portfolio.hu/uzlet/20170314/hatalmasra-hizik-a-vilag-legertekesebb-online-biztositoja-245480"
"359","2017-02-27 09:45:00","Portfolio","Az adat életet is menthet","https://www.portfolio.hu/gazdasag/20170227/az-adat-eletet-is-menthet-244654"
"360","2017-02-21 15:00:00","Portfolio","Sokba került az adatlopási botrány, lealkudták a Yahoo árát","https://www.portfolio.hu/uzlet/20170221/sokba-kerult-az-adatlopasi-botrany-lealkudtak-a-yahoo-arat-244403"
"361","2017-02-20 16:53:00","Portfolio","Brutális lakásárak? - Valójában senki sem tudja itthon az igazságot!","https://www.portfolio.hu/ingatlan/20170220/brutalis-lakasarak-valojaban-senki-sem-tudja-itthon-az-igazsagot-244129"
"362","2017-02-13 10:12:00","Portfolio","Trump megmetszi, de nem kukázza Obama fojtogató banktörvényét","https://www.portfolio.hu/bank/20170213/trump-megmetszi-de-nem-kukazza-obama-fojtogato-banktorvenyet-243947"
"363","2017-02-12 07:02:00","Turzó Ádám Pál","Hét változás, ami totálisan felforgatja a jövõ bankolását","https://www.portfolio.hu/uzlet/20170212/het-valtozas-ami-totalisan-felforgatja-a-jovo-bankolasat-243800"
"364","2017-02-08 16:51:00","Portfolio","Kutya világ vár az elemzõkre, harmaduk kerülhet utcára","https://www.portfolio.hu/bank/20170208/kutya-vilag-var-az-elemzokre-harmaduk-kerulhet-utcara-243756"
"365","2017-02-08 11:22:00","Turzó Ádám Pál","Online hitelekkel és vadiúj mobilappokkal támadnak a magyar bankok","https://www.portfolio.hu/uzlet/20170208/online-hitelekkel-es-vadiuj-mobilappokkal-tamadnak-a-magyar-bankok-243726"
"366","2017-02-07 05:50:00","Turzó Ádám Pál","Az egészségügyi forradalom lehet Magyarország következõ nagy dobása","https://www.portfolio.hu/uzlet/20170207/az-egeszsegugyi-forradalom-lehet-magyarorszag-kovetkezo-nagy-dobasa-243476"
"367","2017-01-26 09:41:00","Portfolio","Ezreket rúghatnak ki a bankok a mesterséges intelligencia miatt","https://www.portfolio.hu/uzlet/20170126/ezreket-rughatnak-ki-a-bankok-a-mesterseges-intelligencia-miatt-243100"
"368","2017-01-19 09:01:00","Portfolio","Forradalmi újításokra készül a német tõzsde","https://www.portfolio.hu/uzlet/20170119/forradalmi-ujitasokra-keszul-a-nemet-tozsde-242769"
"369","2017-01-05 19:49:00","Portfolio","Nekiment Trump a Toyotának is: nem mentek ti Mexikóba!","https://www.portfolio.hu/uzlet/20170105/nekiment-trump-a-toyotanak-is-nem-mentek-ti-mexikoba-242202"
"370","2017-01-03 16:17:00","Portfolio","Trump már megint benézett valamit, most a General Motors árfolyamát mozgatja a Twitteren","https://www.portfolio.hu/uzlet/20170103/trump-mar-megint-benezett-valamit-most-a-general-motors-arfolyamat-mozgatja-a-twitteren-242091"
"371","2016-12-30 10:11:00","Háhner Petra","Robbanás a sportiparban: jön a hightech tömegrendezvények kora","https://www.portfolio.hu/gazdasag/20161230/robbanas-a-sportiparban-jon-a-hightech-tomegrendezvenyek-kora-241811"
"372","2016-12-15 12:49:00","Fekete Beatrix","Egy ülésrend, ami sokat elmond arról, hogy gondolkozik Trump","https://www.portfolio.hu/uzlet/20161215/egy-ulesrend-ami-sokat-elmond-arrol-hogy-gondolkozik-trump-241503"
"373","2016-12-14 14:06:00","Rigó Anita","Már egyetem alatt külföldre kacsintgatnak a diákok: kezdhetnek aggódni a cégek?","https://www.portfolio.hu/uzlet/20161214/mar-egyetem-alatt-kulfoldre-kacsintgatnak-a-diakok-kezdhetnek-aggodni-a-cegek-241184"
"374","2016-12-12 11:10:00","Portfolio","Külföldön nõne nagyot a 4iG","https://www.portfolio.hu/uzlet/20161212/kulfoldon-none-nagyot-a-4ig-241313"
"375","2016-12-06 15:15:00","Portfolio","Eltûnnek a gyárak? - Felforgatja a világot a digitális forradalom","https://www.portfolio.hu/uzlet/20161206/eltunnek-a-gyarak-felforgatja-a-vilagot-a-digitalis-forradalom-241067"
"376","2016-12-03 18:11:00","Portfolio","21 jóslat arról, hogy hogyan fogunk élni 2030-ban","https://www.portfolio.hu/uzlet/20161203/21-joslat-arrol-hogy-hogyan-fogunk-elni-2030-ban-240905"
"377","2016-11-25 05:22:00","Háhner Petra","Mi lesz így a boltokkal? Belehúz a digitális kereskedelem","https://www.portfolio.hu/gazdasag/20161125/mi-lesz-igy-a-boltokkal-belehuz-a-digitalis-kereskedelem-240405"
"378","2016-11-21 18:07:00","Portfolio","Trendi mémekkel indulhat be a modern biztosítások értékesítése","https://www.portfolio.hu/bank/20161121/trendi-memekkel-indulhat-be-a-modern-biztositasok-ertekesitese-240407"
"379","2016-11-16 19:36:00","Portfolio","Mit tudnak a leggyorsabban fejlõdõ hazai kkv-k?","https://www.portfolio.hu/uzlet/20161116/mit-tudnak-a-leggyorsabban-fejlodo-hazai-kkv-k-240202"
"380","2016-11-16 12:08:00","Portfolio","Tinédzser korú banki alaprendszerekkel nem lehet versenyezni","https://www.portfolio.hu/bank/20161116/tinedzser-koru-banki-alaprendszerekkel-nem-lehet-versenyezni-240180"
"381","2016-11-16 10:22:00","Portfolio","Csak mondják a bankok, hogy az ügyfél nekik az elsõ?","https://www.portfolio.hu/uzlet/20161116/csak-mondjak-a-bankok-hogy-az-ugyfel-nekik-az-elso-240174"
"382","2016-11-12 10:30:00","Portfolio","Tíz feltörekvõ startup, amely megváltoztatja a pénzügyi világot","https://www.portfolio.hu/bank/20161112/tiz-feltorekvo-startup-amely-megvaltoztatja-a-penzugyi-vilagot-239988"
"383","2016-10-30 15:05:00","Portfolio","Íme a világ tíz legmenõbb cége, amely forradalmasítja a bankolást","https://www.portfolio.hu/uzlet/20161030/ime-a-vilag-tiz-legmenobb-cege-amely-forradalmasitja-a-bankolast-239422"
"384","2016-10-20 13:45:00","Portfolio","A versenyképességünk és a jövõ beruházásai forognak már kockán","https://www.portfolio.hu/uzlet/20161020/a-versenykepessegunk-es-a-jovo-beruhazasai-forognak-mar-kockan-239035"
"385","2016-10-07 11:05:00","Csûrös Csanád","Nagyon mennek a pesti ingatlanok a külföldiek körében","https://www.portfolio.hu/ingatlan/20161007/nagyon-mennek-a-pesti-ingatlanok-a-kulfoldiek-koreben-238412"
"386","2016-09-23 12:22:00","Budai Ákos","Pár év, és a joghurt szólni fog, ha lejár","https://www.portfolio.hu/uzlet/20160923/par-ev-es-a-joghurt-szolni-fog-ha-lejar-237711"
"387","2016-09-20 05:20:00","Turzó Ádám Pál","A ma ismert világot totálisan elsöpri a negyedik ipari forradalom","https://www.portfolio.hu/uzlet/20160920/a-ma-ismert-vilagot-totalisan-elsopri-a-negyedik-ipari-forradalom-237125"
"388","2016-09-19 12:54:00","Portfolio","Jurassic Parkban élünk, ahol a biztosítók, alkuszok a dínók","https://www.portfolio.hu/bank/20160919/jurassic-parkban-elunk-ahol-a-biztositok-alkuszok-a-dinok-237539"
"389","2016-09-05 16:32:00","Palkó István","Forradalom az interneten: mennyire veszélyesek a biztosítások?","https://www.portfolio.hu/bank/20160905/forradalom-az-interneten-mennyire-veszelyesek-a-biztositasok-236876"
"390","2016-09-01 09:08:00","Portfolio","Ki nem találod, melyik szektorban költenek egyre többet informatikára","https://www.portfolio.hu/uzlet/20160901/ki-nem-talalod-melyik-szektorban-koltenek-egyre-tobbet-informatikara-236712"
"391","2016-08-19 11:04:00","Portfolio","Rémálom az Economist címlapján","https://www.portfolio.hu/bank/20160819/remalom-az-economist-cimlapjan-236227"
"392","2016-07-22 07:18:00","Portfolio","20 százalékkal csökkenhetett az Apple bevétele Kínában","https://www.portfolio.hu/uzlet/20160722/20-szazalekkal-csokkenhetett-az-apple-bevetele-kinaban-235097"
"393","2016-07-10 10:02:00","Weinhardt Attila, Pozsony","Provokálták Merkelt, de ez a magyaroknak is szól","https://www.portfolio.hu/gazdasag/20160710/provokaltak-merkelt-de-ez-a-magyaroknak-is-szol-234549"
"394","2016-06-07 07:27:00","Portfolio","Igaz lenne? Három ponttal kiesünk az Eb-csoportból","https://www.portfolio.hu/short/20160607/igaz-lenne-harom-ponttal-kiesunk-az-eb-csoportbol-232927"
"395","2016-05-25 10:00:00","Portfolio","Magyar IT-cég gurítana nagyot a tõzsdén","https://www.portfolio.hu/uzlet/20160525/magyar-it-ceg-guritana-nagyot-a-tozsden-232324"
"396","2016-05-23 09:33:00","Portfolio","Már az alapkezelõk is a Bitcoin-technológiát kutatják","https://www.portfolio.hu/uzlet/20160523/mar-az-alapkezelok-is-a-bitcoin-technologiat-kutatjak-232211"
"397","2016-05-12 15:36:00","Portfolio","CSOK igen, NOK nem - Lakáshitel-buborék fenyegeti Magyarországot?","https://www.portfolio.hu/bank/20160512/csok-igen-nok-nem-lakashitel-buborek-fenyegeti-magyarorszagot-231767"
"398","2016-04-24 08:21:00","Portfolio","Ezeknél a cégeknél kereshetsz a legtöbbet","https://www.portfolio.hu/uzlet/20160424/ezeknel-a-cegeknel-kereshetsz-a-legtobbet-230690"
"399","2016-03-17 08:41:00","Portfolio","Váratlanul jelentették be a cukoradót","https://www.portfolio.hu/gazdasag/20160317/varatlanul-jelentettek-be-a-cukoradot-228765"
"400","2016-03-02 16:21:00","MTI, Portfolio","Hatalmas erejû földrengés rázta meg Indonéziát","https://www.portfolio.hu/gazdasag/20160302/hatalmas-ereju-foldrenges-razta-meg-indoneziat-228088"
